date,value,medicine,medicine_id,is_holiday,competitor_price
1/1/2021,100.9934283,bench Atlantis 100ml,204,1,93.63502971
1/2/2021,103.8307589,Herbench So in love 50ml,3,0,237.6785766
1/3/2021,106.5662258,Sunsilk smooth&mgn 15ml,67,0,182.9984855
1/4/2021,105.8096647,Bigen B brown black,162,0,149.664621
1/5/2021,98.15428496,Hydrite apple,13,0,39.00466011
1/6/2021,95.64671718,Tiki tiki 60ml,124,0,38.99863008
1/7/2021,100.4362644,Bigen B brown black,162,0,14.52090304
1/8/2021,102.9189256,RDL kalamansi 75ml,52,0,216.5440364
1/9/2021,104.5509686,Pharmaton essential,99,0,150.2787529
1/10/2021,107.7368167,Betadine wound sol 7.5ml,158,0,177.0181444
1/11/2021,103.2154801,Eskinol papaya 75ml,43,0,5.146123574
1/12/2021,99.06735077,Saridone,69,0,242.477463
1/13/2021,97.97228839,young wet fantasy 50ml,203,0,208.1106602
1/14/2021,94.82145217,care diaper adult 8's medium,83,0,53.08477767
1/15/2021,99.30084347,Enervon sugar coated,175,0,45.4562418
1/16/2021,105.7280633,Eskinol papaya 75ml,43,0,45.85112746
1/17/2021,105.9845034,Dynatussin 60ml,170,0,76.06056074
1/18/2021,106.1246788,Tiki tiki 60ml,124,0,131.1891079
1/19/2021,99.53168301,Master oil control clear 135ml,81,0,107.9862547
1/20/2021,96.0073838,Eskinol derma C 225ml,180,0,72.80728505
1/21/2021,102.9172998,Centrum silver,84,0,152.9632237
1/22/2021,103.6311358,Arcoxia 120mg,47,0,34.87346516
1/23/2021,108.313383,RDL kalamansi 150ml,133,0,73.03616213
1/24/2021,106.4796975,Herbench So in love 100ml,149,0,91.59046082
1/25/2021,105.7194499,Sunsilk smooth&mgn 15ml,67,0,114.0174961
1/26/2021,102.8742759,young garden 50ml,154,0,196.2939903
1/27/2021,97.82703909,Serc 8mg,1,0,49.91844554
1/28/2021,102.0264385,Eye mo red,150,0,128.5586096
1/29/2021,104.1621283,young wet fantasy 50ml,203,0,148.1036422
1/30/2021,108.8670078,Risek 40mg,32,0,11.61260318
1/31/2021,109.3888779,Juicy sweet delight (red)125ml,112,0,151.886213
2/1/2021,111.7665771,Hydrite plain,11,0,42.63103092
2/2/2021,103.869632,Eskinol papaya 75ml,43,0,16.26289825
2/3/2021,99.24787591,J&J strong&healthy 100ml,147,0,237.2213843
2/4/2021,104.1441677,bench eight 75ml,20,0,241.4080083
2/5/2021,104.1352089,Himox 250mg 60ml,199,0,202.099337
2/6/2021,111.0707626,RDL plain 150ml,209,0,76.15344229
2/7/2021,107.8644379,Xuric 40mg,132,0,24.4180285
2/8/2021,106.5856836,RDL kalamansi 75ml,52,0,171.0582566
2/9/2021,105.4586361,Centrum advance,94,1,110.0381234
2/10/2021,103.996478,RDL plain 150ml,209,0,30.50955871
2/11/2021,103.9857326,Juicy S sprinkle(green) 125ml,56,0,123.7942275
2/12/2021,107.476904,Vicks formula 44 100ml,68,0,8.597130279
2/13/2021,111.1692372,Goutsaph 500mcg,2,0,227.3301005
2/14/2021,109.9319707,Colgate regular 25ml,183,0,64.6949954
2/15/2021,108.8941576,Formet 500mg,77,0,165.6305711
2/16/2021,105.2217105,Midol 200mg,125,0,77.92776902
2/17/2021,105.6978824,Uni kojic acid 135g,51,0,130.0170053
2/18/2021,105.380083,Disudrin 60ml,66,0,136.6775698
2/19/2021,105.2174707,Stresstab,63,0,46.21361388
2/20/2021,113.4402101,Uni kojic acid 45g,192,0,242.3961569
2/21/2021,113.1244465,Palmolive green 15ml,89,0,193.7832058
2/22/2021,109.970353,Nestogen 1-3 135g,206,0,234.8747354
2/23/2021,108.3412067,Uni kojic w/papaya 65g,101,0,223.7068376
2/24/2021,106.6047832,Safeguard 85g pink,202,0,149.4749947
2/25/2021,107.4986028,Eskinol Calamansi 225ml,108,0,230.4685588
2/26/2021,107.9921364,Advil 200mg,207,0,22.12312551
2/27/2021,113.0842414,Formet 500mg,77,0,48.9957156
2/28/2021,115.4511494,J&J strong&healthy 100ml,147,0,11.30682223
3/1/2021,114.1524754,Hydrite apple,13,0,81.33258269
3/2/2021,107.0196644,Cefalin 125mg 60ml,100,0,97.16932242
3/3/2021,105.0143946,Bench B20 100ml,177,0,67.83725794
3/4/2021,104.2488748,Uni kojic gluta 90g,46,0,207.1843773
3/5/2021,108.0860435,Eskinol Calamansi 225ml,108,0,89.18833167
3/6/2021,116.1178007,Sunsilk smooth&mgn 15ml,67,0,70.23362742
3/7/2021,118.273203,Uni kojic w/milk 90g,190,0,135.6740208
3/8/2021,112.8113078,Medicol 400mg,141,0,35.23105624
3/9/2021,110.7206947,Bearbrand 135g,73,0,200.5492452
3/10/2021,106.8261097,Creamsilk black 11ml,59,0,18.63766092
3/11/2021,105.8697807,Juicy sweet delight (red)125ml,112,0,246.7217342
3/12/2021,111.8809209,Dalacin c 300mg,74,0,193.0611923
3/13/2021,118.229545,Betadine wound sol 15ml,146,0,49.67892038
3/14/2021,116.1307018,Ph care cool 5ml,121,0,1.380529281
3/15/2021,116.7070181,Juicy angle bliss(Pink) 125ml,82,0,203.8653571
3/16/2021,104.0771829,bench eight 75ml,20,0,176.714336
3/17/2021,108.3302033,H&S apple 12ml,70,0,182.251792
3/18/2021,107.8980727,Nestogen 2 135g,123,0,192.8175867
3/19/2021,111.1043576,Uni kojic w/papaya 65g,101,0,18.51116293
3/20/2021,115.8614132,Eskinol calamansi 75ml,61,0,89.61643214
3/21/2021,112.7317113,Palmolive damage 15ml,172,0,28.96726488
3/22/2021,113.6228623,Imodium,39,0,215.7758565
3/23/2021,110.4952639,Plemex forte,104,0,155.8245317
3/24/2021,110.0863587,Master oil control clear 135ml,81,0,82.72450621
3/25/2021,107.1113394,Mydoxy 100mg,116,0,15.88958757
3/26/2021,110.4889437,Safeguard 85g pink,202,0,77.74558043
3/27/2021,115.0575278,Centrum advance,94,0,81.29583051
3/28/2021,118.9003357,Serc 24mg,23,1,182.4015446
3/29/2021,115.0618691,Mucosolvan 30mg,24,1,159.3893678
3/30/2021,109.0431101,Aspilet 80mg,157,1,221.8031856
3/31/2021,108.4580869,Juicy sweet delight (red)125ml,112,0,118.0537313
4/1/2021,108.6223707,UHP Glydolax 2.5G 12's,195,0,29.89856148
4/2/2021,114.302882,Clovimed 312.5,173,0,178.3111968
4/3/2021,114.8958989,Glucophage 500mg,85,0,190.1962622
4/4/2021,116.6324557,Midol 200mg,125,0,140.3192994
4/5/2021,113.8176737,young wet fantasy 25ml,145,0,192.741795
4/6/2021,107.3523937,young wet fantasy 25ml,145,0,123.4488991
4/7/2021,108.1798573,Eye mo red,150,0,130.6832073
4/8/2021,109.08567,J&J strong&healthy 100ml,147,0,106.8852546
4/9/2021,112.4904557,Bigen C dark brown,95,1,6.354781686
4/10/2021,115.9247806,RDL avocado 75ml,71,1,26.97285675
4/11/2021,114.5303274,Norvatrol 10mg,166,0,7.857296422
4/12/2021,113.8132595,Ponstan sf 500mg,38,0,159.1026028
4/13/2021,109.6260642,Myra 400,137,0,78.58899527
4/14/2021,105.9945858,Ventolin rotacap,188,0,127.1426728
4/15/2021,108.2320162,Micropills,164,0,226.8916185
4/16/2021,113.2589197,Mucosolvan 30mg,24,0,62.32305729
4/17/2021,120.1165396,Centrum silver,84,0,102.5957308
4/18/2021,117.6401298,Clovimed 312.5,173,0,188.8877846
4/19/2021,115.0793233,Disudrin 60ml,66,0,57.19954137
4/20/2021,110.0521216,young wet fantasy 50ml,203,0,19.24497746
4/21/2021,103.6310525,Nestogen 1 135g,19,0,72.43786323
4/22/2021,108.3510415,Head&shoulder cool trio 12ml,210,0,40.30532181
4/23/2021,112.4008857,Himox 250mg 60ml,199,0,232.4244131
4/24/2021,121.0804893,Formet 500mg,77,0,202.0300949
4/25/2021,116.6964297,Ascof 300mg 60ml,214,0,158.3509391
4/26/2021,114.937951,Juicy S sprinkle(green) 125ml,56,0,217.8651475
4/27/2021,109.882802,Immupro,28,0,200.9180192
4/28/2021,104.8631568,Safeguard 85g lemon,144,0,46.64251472
4/29/2021,110.4024721,Moticon 25mg,126,0,223.1397496
4/30/2021,113.4780268,Vicks formula 44 54ml,178,0,134.8355605
5/1/2021,117.4109274,Trosyd 3.5g,196,1,201.8600388
5/2/2021,114.9185084,Ph care cool 5ml,121,0,224.022825
5/3/2021,116.7780057,Safeguard 85g pink,202,0,79.50086874
5/4/2021,106.7676745,youngs sweet 50ml,134,0,27.51298113
5/5/2021,107.9751354,Palmolive green 15ml,89,0,56.98379064
5/6/2021,112.0805754,RDL papaya 75ml,4,0,106.7769472
5/7/2021,109.5580326,care diaper adult 8's medium,83,0,204.5036915
5/8/2021,114.2435023,Mupicin ont 5g,119,0,215.1826458
5/9/2021,116.4662981,Happy 10grams,93,0,1.738032633
5/10/2021,112.4778489,Hydrite plain,11,0,127.6868256
5/11/2021,105.9653024,Ventolin rotacap,188,0,104.3527508
5/12/2021,106.4168727,Tuseran forte,35,0,55.52695262
5/13/2021,105.0366637,Palmolive healthy shine 15ml,111,0,29.96634183
5/14/2021,111.9313921,UHP Glydolax 2.5G 12's,195,0,84.40379285
5/15/2021,112.9660646,Eskinol papaya 75ml,43,0,235.727426
5/16/2021,118.779616,Saridone,69,0,80.80073301
5/17/2021,111.3152098,Uni kojic acid 90g,96,0,129.6976554
5/18/2021,107.8038195,Uni kojic w/papaya 65g,101,0,175.7547397
5/19/2021,107.2727288,Allerkid 5mg 60ml,211,0,90.90740059
5/20/2021,104.0503662,Midol 200mg,125,0,242.9455207
5/21/2021,110.7750732,Lomotil 2mg,9,0,240.6118237
5/22/2021,116.7405178,RDL plain 75ml,135,0,62.94557396
5/23/2021,111.771728,Biogesic 120mg orange,176,0,124.3121265
5/24/2021,112.5438189,Goutsaph 500mcg,2,0,75.21957745
5/25/2021,108.2466938,care diaper adult 8's large,189,0,71.21012359
5/26/2021,106.4747442,Allerkid 5mg 60ml,211,0,9.221736839
5/27/2021,103.2902876,Eskinol papaya 135ml,16,0,152.3910835
5/28/2021,106.9182999,Dynatussin 120ml,49,0,125.6697558
5/29/2021,114.3964202,Tender care soap classic 80g,136,0,12.86968781
5/30/2021,114.7944968,Eskinol papaya 75ml,43,0,69.66161606
5/31/2021,111.8771849,Mupicin ont 5g,119,0,227.0664715
6/1/2021,107.6095782,Ascof 300mg 60ml,214,0,59.89047267
6/2/2021,102.7292023,Medicol 400mg,141,0,36.22371802
6/3/2021,105.3955467,Althea pills,15,0,122.3631901
6/4/2021,109.3012062,Uni kojic gluta 180g,10,0,246.4126135
6/5/2021,111.0689842,Mupicin ont 5g,119,0,60.51381788
6/6/2021,117.0668357,Master oil control clear 135ml,81,0,168.0338869
6/7/2021,111.4485437,Afficianado Fancy Red 55ml,113,0,190.4049038
6/8/2021,103.6489862,Natrasol 100mg,193,0,59.409386
6/9/2021,104.5078193,Disudrin 120ml,139,0,182.0540872
6/10/2021,102.0780043,RDL plain 250ml,174,0,91.94578318
6/11/2021,109.3767485,Gaviscon double action,36,0,158.0764576
6/12/2021,113.8939102,Risek 40mg,32,1,158.3824277
6/13/2021,110.7647948,Tiki tiki 60ml,124,0,133.943671
6/14/2021,111.4906729,Himox 250mg 60ml,199,0,22.57244251
6/15/2021,105.9126994,RDL avocado 75ml,71,0,208.8256239
6/16/2021,103.8872121,Sunsilk expert straight 15ml,165,0,80.19501624
6/17/2021,106.8625046,Uni kojic w/milk 90g,190,1,46.6296276
6/18/2021,106.3468633,Eskinol calamansi 75ml,61,0,10.19378539
6/19/2021,109.098156,Natrasol 100mg,193,0,147.7232358
6/20/2021,109.6502306,Eskinol calamansi 75ml,61,0,169.3910905
6/21/2021,106.9499343,Diatabs,53,0,4.146957232
6/22/2021,103.9454476,RDL kalamansi 150ml,133,0,128.0232646
6/23/2021,101.9331349,youngs garden 25ml,8,0,56.6239438
6/24/2021,102.625613,Plemex forte,104,0,161.2931976
6/25/2021,107.4912417,Creamsilk dry rescue 11ml,86,0,43.59160725
6/26/2021,109.6271412,Head&shoulder cool trio 12ml,210,0,172.7344345
6/27/2021,113.3284617,Betadine wound sol 15ml,146,0,96.68383658
6/28/2021,107.0413528,Disudrin 60ml,66,0,234.1824972
6/29/2021,108.526432,Althea pills,15,0,34.38023604
6/30/2021,101.4862935,Myra 400,137,0,85.26658776
7/1/2021,99.34008449,Catapres 75cg,208,0,28.36838031
7/2/2021,102.6756541,Arcoxia 120mg,47,0,231.1734046
7/3/2021,109.545398,Gaviscon double action,36,0,219.3348383
7/4/2021,108.9528918,Himox 250mg 60ml,199,0,64.48540693
7/5/2021,107.9765561,Dynatussin,91,0,164.9960115
7/6/2021,103.0102791,youngs sweet 50ml,134,0,204.3055501
7/7/2021,99.06718964,Kremil s pink,88,0,138.8002029
7/8/2021,98.33923601,Risek 40mg,32,0,132.4126446
7/9/2021,100.7670604,Eskinol papaya 135ml,16,0,60.46307273
7/10/2021,106.6679872,care diaper adult 8's medium,83,0,23.27569195
7/11/2021,110.0947831,Eskinol Calamansi 225ml,108,0,224.3039395
7/12/2021,105.9608705,Myra 400,137,0,225.1045143
7/13/2021,98.55876891,Ph care floracn 5ml,25,0,158.2753643
7/14/2021,98.54832095,Hydrite plain,11,0,84.75744776
7/15/2021,99.79559228,Natrasol 100mg,193,0,87.30239365
7/16/2021,101.024549,Ventolin rotacap,188,0,181.4889197
7/17/2021,106.867703,Eye mo blue,114,0,224.277565
7/18/2021,107.5017158,Natrasol 100mg,193,0,221.7716061
7/19/2021,102.2544816,Micropills,164,0,194.9688865
7/20/2021,100.7783346,Flanax forte 550mg,140,0,160.5079115
7/21/2021,98.34116238,Goutsaph 500mcg,2,0,21.03499125
7/22/2021,100.2141601,Lomotil 2mg,9,0,40.40717852
7/23/2021,103.9287773,Pharmaton essential,99,0,224.6385471
7/24/2021,102.8399743,RDL plain 150ml,209,0,151.6072649
7/25/2021,104.5511993,Hydrite plain,11,0,2.299262904
7/26/2021,104.6188724,Ascof 600mg,110,0,25.36788572
7/27/2021,100.1458761,RDL cucumber150ml,130,0,165.8754423
7/28/2021,97.31273144,Tiki tiki 15ml,18,0,1.265395962
7/29/2021,104.8243933,Eskinol papaya 75ml,43,0,40.20201285
7/30/2021,102.0419862,Master oil control clear 135ml,81,0,137.1834473
7/31/2021,106.9539622,Uromid 40mg,97,0,172.9737994
8/1/2021,107.4311812,Ph care cool 5ml,121,0,162.9903149
8/2/2021,103.9970448,Motillium,155,0,56.06732737
8/3/2021,97.60267714,Skelan 550mg,122,0,178.0448053
8/4/2021,96.92525316,Flanax forte 550mg,140,0,59.31227187
8/5/2021,94.70803907,Bigen C dark brown,95,0,81.34992454
8/6/2021,99.571718,Formet 500mg,77,0,186.6228513
8/7/2021,102.867952,Bigesic 250mg orange,200,0,162.4082248
8/8/2021,104.8537762,Centrum advance,94,0,212.3058526
8/9/2021,106.5017326,Vicks formula 44 100ml,68,0,164.4032231
8/10/2021,93.68843889,Bigen C dark brown,95,0,142.0771508
8/11/2021,95.98148318,Sinecod forte,17,0,23.41869196
8/12/2021,92.24209075,Neurogen,128,0,91.92895076
8/13/2021,98.32779627,RDL cucumber 250ml,167,0,66.30059192
8/14/2021,105.2556401,Tender care classic 50g,75,0,60.99741084
8/15/2021,104.0706821,Dolfenal 250mg,34,0,243.2526387
8/16/2021,98.98233004,Uni kojic w/milk 90g,190,0,98.27443117
8/17/2021,95.27134749,Cefalin 125mg 60ml,100,0,223.0116388
8/18/2021,95.26099304,Allerta 10mg,7,0,157.7846565
8/19/2021,93.31373656,Juicy S sprinkle(green) 125ml,56,0,198.7028259
8/20/2021,99.02589638,RDL plain 75ml,135,0,125.6592733
8/21/2021,102.5048287,Norvatrol 10mg,166,1,144.2259712
8/22/2021,101.9897451,Himox 125mg 60ml,120,0,123.1294235
8/23/2021,104.7916554,Safeguard 85g lemon,144,0,48.81074695
8/24/2021,97.35110624,Palmolive damage 15ml,172,0,180.6130288
8/25/2021,89.2484286,Revicon,57,0,70.19309061
8/26/2021,94.56013026,Disudrin 60ml,66,1,6.078991608
8/27/2021,96.6982216,Palmolive damage 15ml,172,0,161.368074
8/28/2021,103.5636537,Afficianado Fresh Pink 55ml,48,0,44.27766985
8/29/2021,101.1695114,Risek 40mg,32,0,235.1146461
8/30/2021,99.75261988,Juicy angle bliss(Pink) 125ml,82,0,238.4821443
8/31/2021,96.58849534,RDL avocado 150ml,42,0,228.7160976
9/1/2021,94.54260726,Eskinol papaya 75ml,43,0,92.53967506
9/2/2021,91.31634083,Buscopan venus,58,0,3.864154132
9/3/2021,96.90002627,RDL avocado 75ml,71,0,232.0796406
9/4/2021,100.4738409,Trust pills,151,0,107.0460371
9/5/2021,101.030732,H&S apple 12ml,70,0,241.6637048
9/6/2021,103.1139095,Midol 200mg,125,0,240.9049943
9/7/2021,96.00763534,Asmalin 60ml,37,0,213.2523639
9/8/2021,89.92688972,Uni kojic gluta 180g,10,0,73.61222302
9/9/2021,95.20878924,Biogesic 120mg orange,176,0,96.27443215
9/10/2021,101.4881996,Neurogen,128,0,212.7841679
9/11/2021,103.1823975,Sunsilk expert straight 15ml,165,0,79.23050129
9/12/2021,99.01140778,Xuric 40mg,132,0,42.37318667
9/13/2021,98.34645087,Uni kojic gluta 180g,10,0,139.2003156
9/14/2021,97.48270629,RDL plain 75ml,135,0,234.0386935
9/15/2021,90.80395252,Eskinol calamansi 75ml,61,0,174.0074492
9/16/2021,94.05088168,Flumuicil 600mg,62,0,142.5152925
9/17/2021,98.60299253,Uromid 40mg,97,0,24.29412344
9/18/2021,99.09321329,Ph care natpro 50ml,184,0,153.7518067
9/19/2021,101.7805787,Revicon,57,0,247.5134625
9/20/2021,92.70183895,Bigen A natural black,50,0,35.02100381
9/21/2021,92.78962889,Pharmaton essential,99,0,129.5824131
9/22/2021,91.62382756,Dynatussin 60ml,170,0,219.343268
9/23/2021,90.59758178,Ph care floracn 5ml,25,0,185.1921544
9/24/2021,100.26876,UHP Glydolax 2.5G 12's,195,0,174.2539352
9/25/2021,98.05738069,Vicks formula 44 54ml,178,0,175.621021
9/26/2021,101.0105685,Ph care floracn 5ml,25,0,89.8727878
9/27/2021,99.45737842,Tuseran forte,35,0,73.39796107
9/28/2021,97.7530204,Clovimed 312.5,173,0,202.3402889
9/29/2021,89.30989964,Flanax forte 550mg,140,0,202.5283487
9/30/2021,95.49276448,Tender care soap classic 80g,136,0,216.7680796
10/1/2021,97.11835326,youngs sweet 50ml,134,0,228.3101381
10/2/2021,99.06928297,Ph care delwhit 50ml,156,0,127.8355997
10/3/2021,102.9502083,Mucosolvan 30mg,24,0,125.3790737
10/4/2021,99.7500813,Nizoral cream 3.5g,29,0,199.5737947
10/5/2021,93.8468332,Palmolive anti dandruff 15ml,21,0,162.4909827
10/6/2021,92.51875127,Mupicin ont 5g,119,0,175.4917193
10/7/2021,92.61405836,Creamsilk hairfall 11ml,181,0,198.9481674
10/8/2021,97.56388508,Nestogen 1-3 135g,206,0,222.5013355
10/9/2021,102.6162227,Stresstab,63,0,84.49878921
10/10/2021,105.4783708,Allerta 10mg,7,0,93.89573816
10/11/2021,97.17731234,Eskinol derma C 135ml,152,0,23.49548496
10/12/2021,99.63492548,Afficianado Fancy Red 55ml,113,0,144.5700352
10/13/2021,88.81713227,Mucosolvan 75mg,185,0,8.985568449
10/14/2021,93.44379765,H&S apple 12ml,70,0,116.3995045
10/15/2021,98.89663506,Betadine wound sol 7.5ml,158,0,135.6611587
10/16/2021,102.2575037,young wet fantasy 25ml,145,0,71.63531303
10/17/2021,101.4848394,RDL avocado 150ml,42,0,147.7083151
10/18/2021,99.68087116,Hydrite apple,13,0,7.625062485
10/19/2021,94.8472225,Biogesic 500mg,72,0,9.337047187
10/20/2021,92.02705363,Betadine wound sol 15ml,146,0,205.6501402
10/21/2021,95.95106731,Trosyd 3.5g,196,0,90.04766035
10/22/2021,98.95845133,bench Atlantis 75ml,40,0,31.76512816
10/23/2021,100.8539434,Eye mo blue,114,0,130.560815
10/24/2021,105.0933965,Colgate regular 25ml,183,0,192.4983883
10/25/2021,101.2952754,Dolfenal 250mg,34,0,53.95525687
10/26/2021,98.06199273,Uni kojic gluta 90g,46,0,155.722619
10/27/2021,95.0874436,Allerkid 5mg 60ml,211,0,21.33686625
10/28/2021,93.23550401,Bearbrand 135g,73,0,12.92043029
10/29/2021,97.78478113,Eskinol Calamansi 225ml,108,0,132.8386579
10/30/2021,104.4140227,Bench B20 100ml,177,0,135.1587804
10/31/2021,105.2134128,Ph care floracn 50ml,129,0,159.3574754
11/1/2021,101.3559982,RDL cucumber 75ml,127,1,181.5228334
11/2/2021,97.4065393,Centrum advance,94,1,243.9630199
11/3/2021,97.13745866,Formet 500mg,77,0,129.0750871
11/4/2021,94.48245163,Diatabs,53,0,80.73911824
11/5/2021,100.7894209,Eskinol calamansi 75ml,61,0,198.7965487
11/6/2021,103.3229355,Cyfrox 500mg,197,0,67.70806282
11/7/2021,104.382812,Glumet xr 500mg,26,0,109.7428552
11/8/2021,104.4382835,Alaxan Fr,179,0,19.61409534
11/9/2021,99.68287598,Ph care cool 50ml,107,0,6.337685854
11/10/2021,97.08633628,Eskinol papaya 75ml,43,0,240.6621037
11/11/2021,99.17056354,Skelan 550mg,122,0,208.9950301
11/12/2021,100.6478577,Aspilet 80mg,157,0,173.9935515
11/13/2021,106.0182472,Althea pills,15,0,102.2382361
11/14/2021,105.140837,young garden 50ml,154,0,43.32358002
11/15/2021,103.8482088,Flumuicil 600mg,62,0,39.10926067
11/16/2021,98.74662325,Vicks vapo 25g,30,0,62.56072454
11/17/2021,96.64365991,Moticon 25mg,126,0,137.3066662
11/18/2021,98.75551631,Mucosolvan 75mg,185,0,178.6489807
11/19/2021,99.99000633,Creamsilk hairfall 11ml,181,0,165.0493442
11/20/2021,109.8744662,Vicks vapo 50g,105,0,69.98347424
11/21/2021,104.7991861,Bonamine 25mg,148,0,238.7163202
11/22/2021,101.8355919,Eskinol Calamansi 225ml,108,0,184.4742292
11/23/2021,102.4012056,Nestogen 2 135g,123,0,138.5885131
11/24/2021,99.12478368,Hydrite apple,13,0,152.9301866
11/25/2021,99.91867844,Vicks inhaler,54,0,104.9000156
11/26/2021,104.0015479,RDL plain 150ml,209,0,61.93274738
11/27/2021,106.7965025,Dove regular bar 135g,33,0,88.99316966
11/28/2021,106.1606304,Eye mo blue,114,0,189.4615276
11/29/2021,105.5718253,Flanax forte 550mg,140,0,3.598372157
11/30/2021,99.89894756,Decolgen forte,55,1,29.01816013
12/1/2021,100.6717328,Tender care classic 50g,75,0,11.50066051
12/2/2021,99.56781114,Bench atlantis 100ml,22,0,10.18220058
12/3/2021,102.2965026,Juicy dreamsicle(violet)125ml,44,0,213.865146
12/4/2021,107.3917149,Catapres 75cg,208,0,175.9144648
12/5/2021,110.0050375,Motillium,155,0,118.5434573
12/6/2021,105.5270386,Afficianado Fresh Pink 55ml,48,0,24.45854016
12/7/2021,100.853026,UHP Glydolax 2.5G 12's,195,0,122.9039688
12/8/2021,100.462673,Mucosolvan 75mg,185,1,118.3679427
12/9/2021,101.6149562,Flumuicil 600mg,62,0,43.30046748
12/10/2021,104.2056793,Skelan 550mg,122,0,108.4629123
12/11/2021,108.3731272,Flanax forte 550mg,140,0,99.6261836
12/12/2021,110.9323146,Vicks inhaler,54,0,153.9625245
12/13/2021,105.0553541,Hydrite plain,11,0,158.7734127
12/14/2021,100.9872387,Betadine wound sol 15ml,146,0,11.32600244
12/15/2021,99.85044143,Kremil s pink,88,0,93.65315366
12/16/2021,102.017157,Eskinol papaya 75ml,43,0,156.4649789
12/17/2021,107.167069,Bearbrand 135g,73,0,125.7840646
12/18/2021,113.5979255,RDL papaya 75ml,4,0,214.1224603
12/19/2021,113.5215236,Stresstab,63,0,164.6734079
12/20/2021,108.9752731,bench eight 75ml,20,0,40.73360677
12/21/2021,105.1130548,Mupicin ont 5g,119,0,17.64218685
12/22/2021,100.6361398,Eskinol derma C 135ml,152,0,160.6048196
12/23/2021,103.7654941,Revicon,57,0,6.627827635
12/24/2021,107.3306576,Ph care natpro 50ml,184,1,146.4438953
12/25/2021,112.6592732,Glucophage 500mg,85,1,235.0575604
12/26/2021,111.5219163,Cyfrox 500mg,197,0,143.8685445
12/27/2021,111.7072159,care diaper adult 8's medium,83,0,97.04248155
12/28/2021,109.5927836,Nestogen 1-3 135g,206,0,160.8220546
12/29/2021,103.8023887,Eskinol Calamansi 135ml,87,0,114.5632226
12/30/2021,105.9867917,Bigen A natural black,50,1,136.4041973
12/31/2021,110.6708927,Betadine wound sol 15ml,146,1,235.3662022
1/1/2022,112.5954513,Happy 10grams,93,0,96.52565945
1/2/2022,115.0096895,Creamsilk black 11ml,59,0,240.297641
1/3/2022,112.0795475,Skelan 550mg,122,0,226.3376605
1/4/2022,108.1088546,Arcoxia 120mg,47,0,48.9477837
1/5/2022,103.8600861,Rexidol,142,0,17.34032522
1/6/2022,106.6182284,Formet 500mg,77,0,25.19450034
1/7/2022,111.6717276,youngs garden 25ml,8,0,4.555456413
1/8/2022,117.6842356,Sunsilk damage 15ml,98,0,23.61074019
1/9/2022,117.862676,Trosyd 3.5g,196,0,170.7516934
1/10/2022,117.7415755,Cefalin 125mg 60ml,100,0,17.79716212
1/11/2022,107.7575178,Juicy icylicioys(blue)125ml,168,0,79.74390757
1/12/2022,108.5269655,Asmalin 60ml,37,0,211.2188277
1/13/2022,108.3092648,Medicol 200mg,109,0,5.817983934
1/14/2022,116.4255108,Revicon,57,0,203.6171206
1/15/2022,114.5319748,Sunsilk smooth&mgn 15ml,67,0,70.46369369
1/16/2022,115.6274117,Mydoxy 100mg,116,0,29.54120691
1/17/2022,113.5948944,UHP Glydolax 1.9G 12's,79,0,174.1842913
1/18/2022,106.3982901,Palmolive healthy shine 15ml,111,0,157.2357117
1/19/2022,107.0797351,Allerkid 5mg 60ml,211,0,219.3680034
1/20/2022,107.7679429,Bench clay doh 25g,92,0,183.767761
1/21/2022,113.6846821,J&J active 100ml,212,0,200.8702326
1/22/2022,118.1640926,Ventolin rotacap,188,0,70.50864314
1/23/2022,122.3848852,Tuseran forte,35,0,44.35988594
1/24/2022,118.0135555,Zebet 80mg,182,0,187.6536879
1/25/2022,110.8043055,Neurogen,128,0,201.7086848
1/26/2022,107.6391153,young wet fantasy 50ml,203,0,247.6262855
1/27/2022,111.5670816,Sunsilk smooth&mgn 15ml,67,0,103.1544192
1/28/2022,112.0324683,Creamsilk hairfall 11ml,181,0,93.00452145
1/29/2022,122.4242154,care diaper adult 8's large,189,0,194.1032402
1/30/2022,122.2634925,Buscopan venus,58,0,85.20088506
1/31/2022,116.4374537,bench Eight 100ml,213,0,232.6893314
2/1/2022,109.7856491,J&J strong&healthy 100ml,147,0,214.603188
2/2/2022,113.3878852,Uni kojic acid 135g,51,0,107.2485068
2/3/2022,111.5884351,Gaviscon sachet,143,0,187.7177669
2/4/2022,118.3726027,Alaxan Fr,179,0,188.6357185
2/5/2022,116.7859332,Flumuicil 600mg,62,0,25.78096721
2/6/2022,119.9085023,Vicks vapo 50g,105,0,225.6382267
2/7/2022,118.5777796,Ascof 300mg 60ml,214,0,126.3130931
2/8/2022,114.4859143,Arcoxia 120mg,47,0,206.6143665
2/9/2022,110.9482966,Claritin 10mg,60,0,80.01240026
2/10/2022,114.2194616,Himox 125mg 60ml,120,0,223.8808071
2/11/2022,114.9056475,Safeguard 85g pink,202,0,97.30041968
2/12/2022,120.8213339,Uni kojic acid 135g,51,0,2.70941287
2/13/2022,122.4662528,Mupicin ont 5g,119,0,226.3454941
2/14/2022,120.7014064,Uni kojic gluta 180g,10,0,22.8216692
2/15/2022,116.9069732,Plemex forte,104,0,79.8284094
2/16/2022,110.6772179,Biogesic 500mg,72,0,237.5154918
2/17/2022,110.9696266,Ph care floracn 5ml,25,0,237.6517867
2/18/2022,120.6460923,bench Atlantis 100ml,204,0,143.359472
2/19/2022,122.8060713,Eskinol papaya 135ml,16,0,157.959303
2/20/2022,121.7492861,Flanax forte 550mg,140,0,112.1113805
2/21/2022,123.780429,Biogesic 120mg orange,176,0,73.30269292
2/22/2022,116.7054437,young garden 50ml,154,0,82.16613634
2/23/2022,116.2599625,Neozep forte,106,0,168.129614
2/24/2022,115.1320381,Glimcose 30mg,115,0,188.0936324
2/25/2022,123.1554306,care diaper adult 8's large,189,0,197.8947609
2/26/2022,126.5791454,Ventolin rotacap,188,0,197.4045357
2/27/2022,123.6589548,Bigesic 250mg orange,200,0,22.80152576
2/28/2022,123.5152784,Allerta 10mg,7,0,123.6050762
3/1/2022,118.6420344,Nizoral cream 3.5g,29,0,14.38969
3/2/2022,117.49879,Juicy dreamsicle(violet)125ml,44,0,137.3822206
3/3/2022,113.9100826,Brelvastin 40mg,153,0,110.3826253
3/4/2022,121.2315399,UHP Glydolax 2.5G 12's,195,0,221.9260457
3/5/2022,125.9931979,RDL plain 75ml,135,0,87.72875314
3/6/2022,121.4294871,Dynatussin,91,0,29.26675411
3/7/2022,119.9777199,Eskinol derma C 135ml,152,0,35.74792051
3/8/2022,114.0267611,UHP Glydolax 2.5G 12's,195,0,190.3776579
3/9/2022,114.9583293,Ascof 600mg,110,0,154.5545158
3/10/2022,117.9921391,Biogesic 500mg,72,0,25.28066903
3/11/2022,123.5626266,Vicks inhaler,54,0,21.02670153
3/12/2022,124.7042115,Eye mo blue,114,0,175.2422829
3/13/2022,128.86492,youngs cool fantasy 25ml,6,0,18.19075159
3/14/2022,120.2256649,Nestogen 1-3 135g,206,0,205.4650148
3/15/2022,115.3208634,Palmolive anti dandruff 15ml,21,0,176.5605568
3/16/2022,115.9890916,RDL plain 75ml,135,0,20.33719516
3/17/2022,117.9087462,Mydoxy 100mg,116,0,21.20942852
3/18/2022,121.0564813,RDL kalamansi 75ml,52,0,246.6598946
3/19/2022,120.9653804,Ph care floracn 50ml,129,0,93.56769894
3/20/2022,125.9538685,RDL cucumber150ml,130,0,92.66053677
3/21/2022,120.8814241,youngs cool fantasy 25ml,6,0,203.1998918
3/22/2022,120.5514486,Diane pills,103,0,236.8121443
3/23/2022,117.2977492,Enervon sugar coated,175,0,246.500266
3/24/2022,115.705028,Hydrite apple,13,0,188.3445463
3/25/2022,120.5180383,Sunsilk damage 15ml,98,0,94.06489638
3/26/2022,123.3853961,Xanthone plus,160,0,20.87517917
3/27/2022,126.3899006,Arcoxia 120mg,47,0,194.286729
3/28/2022,125.76333,Bigen B brown black,162,0,139.6010624
3/29/2022,117.5828122,RDL kalamansi 150ml,133,0,106.0555023
3/30/2022,117.8942375,Stresstab,63,0,226.5885963
3/31/2022,116.8252538,Ph care natpro 50ml,184,0,27.79937058
4/1/2022,120.2403622,Advil 200mg,207,0,123.1562761
4/2/2022,125.5494235,Herbench So in love 50ml,3,0,2.838411192
4/3/2022,124.6837374,Formet 500mg,77,0,117.1651605
4/4/2022,122.9639954,Eskinol papaya 135ml,16,0,14.07581892
4/5/2022,117.3560317,Afficianado Fresh Pink 55ml,48,0,29.70447907
4/6/2022,120.9923879,Uni kojic gluta 90g,46,0,29.38156169
4/7/2022,118.1123608,Haemore 500mg,117,0,162.3025755
4/8/2022,120.5620007,Vicks vapo 50g,105,0,186.5112198
4/9/2022,126.3060809,Tiki tiki 15ml,18,0,145.8421913
4/10/2022,126.6235158,Eskinol Calamansi 225ml,108,0,240.5431371
4/11/2022,123.7026436,Dynatussin,91,0,93.71764488
4/12/2022,121.032781,RDL kalamansi 150ml,133,0,71.42802157
4/13/2022,118.6100227,Uromid 40mg,97,0,217.149782
4/14/2022,116.992355,Xuric 40mg,132,0,55.89895963
4/15/2022,120.8008434,Uromid 40mg,97,0,240.8056349
4/16/2022,125.2986069,H&S apple 12ml,70,0,3.038618672
4/17/2022,122.1945425,Eskinol calamansi 75ml,61,0,242.4697067
4/18/2022,121.044106,Gaviscon sachet,143,0,10.78997799
4/19/2022,122.4478685,Saridone,69,0,222.7857784
4/20/2022,120.2744629,Decolgen forte,55,0,131.9252773
4/21/2022,117.4247399,Dynatussin 60ml,170,0,248.241199
4/22/2022,122.9550754,Uni kojic acid 135g,51,0,18.44914118
4/23/2022,126.3008178,J&J baby bath 100ml,80,0,138.4635711
4/24/2022,132.7659836,Bigen D chest brown,41,0,242.3256339
4/25/2022,126.1038154,Hydrite plain,11,0,130.774461
4/26/2022,119.2289186,Vicks inhaler,54,0,157.3496595
4/27/2022,114.8246586,Kremil s pink,88,0,173.9371722
4/28/2022,114.4418373,Eskinol papaya 75ml,43,0,113.6352662
4/29/2022,121.921646,Mydoxy 100mg,116,0,156.88952
4/30/2022,123.8593515,Hemarate FA,198,0,146.078578
5/1/2022,123.4385731,Uni kojic acid 90g,96,0,225.2895026
5/2/2022,122.2276515,Eskinol calamansi 75ml,61,0,11.36159509
5/3/2022,116.9592185,Dove regular pink 135g,131,0,70.2407974
5/4/2022,119.7291739,Juicy dreamsicle(violet)125ml,44,0,237.602871
5/5/2022,119.0189177,young wet fantasy 50ml,203,0,222.565946
5/6/2022,121.0816111,RDL cucumber 250ml,167,0,113.9141882
5/7/2022,127.8968858,Dolfenal 250mg,34,0,155.0331495
5/8/2022,125.9850513,Dynatussin,91,0,69.34529575
5/9/2022,121.3279409,Revicon,57,0,47.03028993
5/10/2022,121.6809458,Afficianado Fancy Red 55ml,113,0,115.9246012
5/11/2022,116.9279633,care diaper adult 8's medium,83,0,88.33805701
5/12/2022,114.6594715,J&J baby bath 100ml,80,0,145.914028
5/13/2022,120.1784861,Biofit tea,102,0,19.43365924
5/14/2022,122.630863,Ventolin rotacap,188,0,243.5987019
5/15/2022,122.4935306,Allerta 10mg,7,0,246.5526861
5/16/2022,124.3156162,Mupicin ont 5g,119,0,174.5404285
5/17/2022,121.8504472,Afficianado Fresh Pink 55ml,48,0,134.0240916
5/18/2022,112.4343214,Vicks formula 44 54ml,178,0,77.38190407
5/19/2022,117.2258498,Gaviscon double action,36,0,203.4487549
5/20/2022,118.608702,Eskinol calamansi 75ml,61,0,171.1827931
5/21/2022,122.7437949,Vicks vapo 50g,105,0,40.65423484
5/22/2022,123.3956614,Buscopan venus,58,0,227.7317961
5/23/2022,120.0422269,Juicy icylicioys(blue)125ml,168,0,205.6343107
5/24/2022,117.4214919,Eskinol derma C 135ml,152,0,237.4499783
5/25/2022,112.8485419,Bigesic 250mg orange,200,0,181.4298771
5/26/2022,115.9062291,bench Eight 100ml,213,0,153.353799
5/27/2022,119.0616051,Palmolive healthy shine 15ml,111,0,104.5607591
5/28/2022,122.4792093,Allerta 10mg,7,0,233.1821208
5/29/2022,121.9916267,Ascof 600mg,110,0,216.5159724
5/30/2022,119.8304988,Uni kojic w/milk 90g,190,0,11.30466753
5/31/2022,118.0368791,Eskinol papaya 135ml,16,0,6.591743624
6/1/2022,114.7020302,youngs garden 25ml,8,0,94.11584172
6/2/2022,112.5883582,Mupicin ont 5g,119,0,202.6383327
6/3/2022,118.5275962,Arcoxia 120mg,47,0,246.8190323
6/4/2022,123.6157278,Alaxan Fr,179,0,37.60422278
6/5/2022,119.6130935,Glucophage 500mg,85,0,148.5326788
6/6/2022,121.205521,Dianov 2mg,163,0,95.22271416
6/7/2022,114.3255278,Cefalin 250mg 60ml,65,0,242.4785995
6/8/2022,113.9563045,Stresstab,63,0,210.5297308
6/9/2022,112.1224107,Uni kojic acid 135g,51,0,209.5821762
6/10/2022,113.8154957,Goutsaph 500mcg,2,0,117.1732899
6/11/2022,117.9453866,Serc 24mg,23,0,103.7048756
6/12/2022,122.1271059,Risek 40mg,32,0,68.35176798
6/13/2022,119.7091184,Midol 200mg,125,0,14.09387416
6/14/2022,112.9051848,youngs sweet 50ml,134,0,216.1805941
6/15/2022,113.1478365,Tender care soap pink 80g,14,0,203.2252523
6/16/2022,109.3742687,Clovimed 312.5,173,0,249.9294183
6/17/2022,116.3346513,Brelvastin 40mg,153,0,249.1592093
6/18/2022,117.8134993,Glumet xr 500mg,26,0,138.8579264
6/19/2022,119.7561731,care diaper adult 8's large,189,0,192.2468538
6/20/2022,118.3075708,Catapres 75cg,208,0,236.1914325
6/21/2022,112.0106256,Ascof 600mg,110,0,212.4118477
6/22/2022,110.1140539,Allerkid 5mg 60ml,211,0,61.83702544
6/23/2022,113.7176335,Uni kojic gluta 180g,10,0,112.6360338
6/24/2022,114.3163399,Hydrite apple,13,0,32.28985379
6/25/2022,120.9061517,Bench B20 100ml,177,0,238.5127568
6/26/2022,117.7959407,Zebet 80mg,182,0,151.5436586
6/27/2022,118.2645159,Lomotil 2mg,9,0,57.16070138
6/28/2022,115.6037012,Gaviscon double action,36,0,167.9251711
6/29/2022,104.9263186,Allerta 10mg,7,0,154.5320601
6/30/2022,109.0953853,Betadine wound sol 15ml,146,0,89.54067951
7/1/2022,115.6064361,Trosyd 3.5g,196,0,28.38939805
7/2/2022,117.8092406,bench Atlantis 100ml,204,0,167.8932989
7/3/2022,119.7769619,Natrasol 100mg,193,0,130.0769252
7/4/2022,114.975361,Zebet 80mg,182,0,193.0795979
7/5/2022,111.8716321,Medicol 400mg,141,0,130.0408753
7/6/2022,108.5359633,Uni kojic acid 135g,51,0,213.0453751
7/7/2022,112.0026286,youngs sweet 50ml,134,0,137.9767097
7/8/2022,113.9395574,RDL cucumber 75ml,127,0,140.2344929
7/9/2022,117.8698524,Eskinol derma C 135ml,152,0,219.1634007
7/10/2022,117.1914801,J&J baby bath 100ml,80,0,100.8707166
7/11/2022,114.1902871,Safeguard 85g lemon,144,0,33.50380711
7/12/2022,109.8174641,Mucosolvan 30mg,24,0,7.195669078
7/13/2022,108.6226647,Cefalin 250mg 60ml,65,0,188.7843139
7/14/2022,107.8142071,Norvatrol 10mg,166,0,155.0773878
7/15/2022,113.0023995,Plemex forte,104,0,176.019942
7/16/2022,120.3409578,Bearbrand 135g,73,0,53.24104038
7/17/2022,118.7567192,Nestogen 2 135g,123,0,34.0928689
7/18/2022,113.5167652,Imodium,39,0,3.636166417
7/19/2022,112.0927475,Micropills,164,0,87.6468897
7/20/2022,106.0301231,Revicon,57,0,147.4794217
7/21/2022,103.5975612,Robust extreme,27,0,98.06101127
7/22/2022,109.4297772,Creamsilk dry rescue 11ml,86,0,109.3687305
7/23/2022,111.4774816,J&J strong&healthy 100ml,147,0,226.0396736
7/24/2022,115.346503,RDL avocado 150ml,42,0,87.06386676
7/25/2022,113.2472001,Decolgen forte,55,0,128.4973723
7/26/2022,112.091574,Advil 200mg,207,0,195.9132532
7/27/2022,106.5556729,Bioflu,118,0,99.13569558
7/28/2022,106.298652,Centrum silver,84,0,155.5216751
7/29/2022,112.1756337,Allerta 10mg,7,0,215.5909272
7/30/2022,109.8758268,Tender care classic 50g,75,0,237.3801559
7/31/2022,115.6082771,Centrum silver,84,0,36.76837023
8/1/2022,113.848422,Ph care natpro 50ml,184,0,231.6469063
8/2/2022,104.8869872,Decilone 4mg,31,0,123.0290733
8/3/2022,107.3042377,Tuseran forte,35,0,64.56109707
8/4/2022,106.5385245,Robust extreme,27,0,114.7839391
8/5/2022,108.8210059,Bioderm tin 5g,187,0,245.0081438
8/6/2022,114.7088112,Claritin 10mg,60,0,123.1545235
8/7/2022,118.8342818,Ascof 600mg,110,0,82.18790257
8/8/2022,111.8372744,Trust pills,151,0,158.3502136
8/9/2022,107.5187541,Uni kojic acid 45g,192,0,60.03640469
8/10/2022,103.2877614,Disudrin 120ml,139,0,18.96583203
8/11/2022,103.363491,Daily Scent Orange 125ml,205,0,32.21993048
8/12/2022,110.5260864,Advil 200mg,207,0,32.01145974
8/13/2022,110.9573846,Gaviscon sachet,143,0,37.97567338
8/14/2022,113.6750883,Ascof 300mg 60ml,214,0,34.70679316
8/15/2022,109.7703212,Decolgen forte,55,0,160.2186862
8/16/2022,107.2456767,Tender care pink 50g,64,0,45.4700211
8/17/2022,104.1527931,Juicy angle bliss(Pink) 125ml,82,0,86.41682083
8/18/2022,106.4310944,Glimcose 30mg,115,0,224.1971025
8/19/2022,107.1523293,Eskinol derma C 135ml,152,0,118.4904101
8/20/2022,111.4511216,Uni kojic w/papaya 65g,101,0,166.8894346
8/21/2022,110.9103745,Flanax forte 550mg,140,0,43.0799678
8/22/2022,109.1878733,Virlix 10mg,161,0,48.0722547
8/23/2022,106.4082656,Eskinol papaya 135ml,16,0,10.21715407
8/24/2022,104.3807594,Head&shoulder cool trio 12ml,210,0,42.23376577
8/25/2022,101.9086001,Goutsaph 500mcg,2,0,69.64758476
8/26/2022,109.3243257,Imodium,39,0,44.25262107
8/27/2022,114.1309625,H&S apple 12ml,70,0,22.17563344
8/28/2022,113.1398738,Nestogen 1 135g,19,0,30.15896778
8/29/2022,113.2916585,RDL plain 250ml,174,0,115.194692
8/30/2022,103.5844118,Zebet 80mg,182,0,51.5834296
8/31/2022,99.87272535,Tiki tiki 60ml,124,0,91.06746526
9/1/2022,99.70787336,Eskinol papaya 75ml,43,0,125.8543177
9/2/2022,110.1069145,Ph care delwhit 50ml,156,0,172.5987072
9/3/2022,112.2756523,Skelan 550mg,122,0,9.82803496
9/4/2022,111.7667791,Head&shoulder cool trio 12ml,210,0,199.8525997
9/5/2022,109.6808417,Bigen B brown black,162,0,156.9750974
9/6/2022,102.4819204,Bioderm tin 5g,187,0,20.43975799
9/7/2022,106.8726898,Serc 8mg,1,0,218.394656
9/8/2022,103.161317,Dove regular pink 135g,131,0,230.2181001
9/9/2022,106.9897472,Dynatussin,91,0,15.26948996
9/10/2022,112.0933127,Sunsilk expert straight 15ml,165,0,69.21941204
9/11/2022,112.5337024,Advil 200mg,207,0,201.5503199
9/12/2022,109.2814297,Betadine wound sol 15ml,146,0,187.0649226
9/13/2022,102.8838675,Cefalin 125mg 60ml,100,0,46.13025484
9/14/2022,102.6753347,Robust extreme,27,0,52.33733083
9/15/2022,106.4375574,Vicks inhaler,54,0,92.6180257
9/16/2022,109.2519752,RDL plain 250ml,174,0,121.1307463
9/17/2022,113.6379899,Daily Scent Blue 125ml,78,0,154.5636929
9/18/2022,110.3788599,Nizoral cream 3.5g,29,0,92.22840989
9/19/2022,106.7039337,Cefalin 125mg 60ml,100,0,115.633679
9/20/2022,104.0826972,Ph care cool 50ml,107,0,186.8677345
9/21/2022,101.733368,UHP Glydolax 2.5G 12's,195,0,9.170800723
9/22/2022,104.7715639,J&J tear free 100ml,76,0,63.10923609
9/23/2022,103.1061111,Ph care cool 50ml,107,0,178.3373965
9/24/2022,113.4609302,RDL cucumber150ml,130,0,223.8017094
9/25/2022,111.0558646,Eye mo red,150,0,127.9193605
9/26/2022,107.8204093,Ponstan sf 500mg,38,0,133.0283713
9/27/2022,102.321586,Juicy dreamsicle(violet)125ml,44,0,26.79300283
9/28/2022,98.34427445,Revicon,57,0,111.8530917
9/29/2022,104.2821821,Disudrin 60ml,66,0,133.1543166
9/30/2022,106.7109652,RDL plain 75ml,135,0,60.61762591
10/1/2022,107.9158576,Sangobion,138,0,67.31080774
10/2/2022,108.8963597,Mupicin ont 5g,119,0,94.32104078
10/3/2022,108.1379459,Vicks formula 44 100ml,68,0,5.017799444
10/4/2022,107.8399024,RDL plain 150ml,209,0,80.5197914
10/5/2022,101.3115982,Biogesic 120mg orange,176,0,52.86200175
10/6/2022,99.82707818,UHP Glydolax 1.9G 12's,79,0,81.87433804
10/7/2022,106.2910917,Juicy sweet delight (red)125ml,112,0,29.94053295
10/8/2022,110.1892955,Uni kojic w/papaya 65g,101,0,222.6318202
10/9/2022,106.352405,Vicks vapo 25g,30,0,148.3981134
10/10/2022,108.9812614,RDL kalamansi 150ml,133,0,169.7755798
10/11/2022,104.3409717,Nizoral cream 3.5g,29,0,197.2928097
10/12/2022,103.5447854,youngs cool fantasy 25ml,6,0,124.6105497
10/13/2022,106.873437,bench eight 75ml,20,0,21.73007202
10/14/2022,109.3983901,Glucophage 500mg,85,0,134.2766355
10/15/2022,110.5801155,Juicy S sprinkle(green) 125ml,56,0,146.7102795
10/16/2022,109.9366851,Stresstab,63,0,186.3598685
10/17/2022,114.660472,Sunsilk damage 15ml,98,0,107.9148866
10/18/2022,105.36545,Creamsilk dry rescue 11ml,86,0,31.8950757
10/19/2022,102.6445969,J&J baby bath 100ml,80,0,70.94397645
10/20/2022,103.61175,Revicon,57,0,90.7705741
10/21/2022,108.0459249,Centrum advance,94,0,161.4793103
10/22/2022,111.3535918,Eskinol Calamansi 225ml,108,0,142.6945762
10/23/2022,111.5466556,RDL cucumber 75ml,127,0,89.02418147
10/24/2022,108.9839928,Nido 1plus 150g,201,0,246.6288122
10/25/2022,105.7650673,Zebet 80mg,182,0,151.4437048
10/26/2022,102.1329329,Vicks vapo 25g,30,0,59.30669793
10/27/2022,102.8567113,Sangobion,138,0,25.44561816
10/28/2022,108.5042467,Bigen A natural black,50,0,38.2147848
10/29/2022,111.793081,Ph care natpro 50ml,184,0,61.4894321
10/30/2022,116.3816385,Catapres 75cg,208,0,40.17034331
10/31/2022,105.4742466,Nido 1plus 150g,201,0,46.64175601
11/1/2022,108.7307126,Serc 24mg,23,0,71.27379217
11/2/2022,106.4475689,youngs garden 25ml,8,0,43.34339882
11/3/2022,100.8895654,Bioderm tin 5g,187,0,224.1913562
11/4/2022,108.3781115,UHP Glydolax 1.9G 12's,79,0,20.05843642
11/5/2022,112.3502367,Midol 200mg,125,0,131.1278474
11/6/2022,111.3665144,Afficianado Fresh Pink 55ml,48,0,102.5992067
11/7/2022,110.046055,Natrasol 100mg,193,0,245.5946542
11/8/2022,105.1694756,Uni kojic gluta 180g,10,0,28.00972554
11/9/2022,108.3200981,Palmolive green 15ml,89,0,99.46389976
11/10/2022,107.7848908,Bioderm tin 5g,187,0,242.3676083
11/11/2022,112.5006084,Asmalin 60ml,37,0,216.3767815
11/12/2022,115.4470864,Hydrite plain,11,0,204.2680177
11/13/2022,112.8504547,Skelan 550mg,122,0,64.47570676
11/14/2022,111.495844,Sinecod forte,17,0,42.72189685
11/15/2022,109.3285226,Decilone 4mg,31,0,167.160805
11/16/2022,103.3461677,Happy 10grams,93,0,232.3439973
11/17/2022,108.3298818,Diatabs,53,0,139.1907233
11/18/2022,110.4824437,Trust pills,151,0,142.9031724
11/19/2022,114.2746983,Mydoxy 100mg,116,0,69.99477342
11/20/2022,117.5658286,Ph care cool 5ml,121,0,192.3732333
11/21/2022,114.4832615,Head&shoulder cool trio 12ml,210,0,46.76093714
11/22/2022,108.6919343,Bigen A natural black,50,0,80.9198091
11/23/2022,109.1871574,Aspilet 80mg,157,0,106.3591097
11/24/2022,105.8335486,Eskinol derma C 225ml,180,0,126.9025947
11/25/2022,113.3002023,Gaviscon sachet,143,0,60.6024331
11/26/2022,117.3289516,Dove regular pink 135g,131,0,28.70920618
11/27/2022,116.6561201,Bigen D chest brown,41,0,152.6550106
11/28/2022,115.3909191,Xuric 40mg,132,0,72.15763831
11/29/2022,108.0678865,Eskinol Calamansi 225ml,108,0,145.3095554
11/30/2022,109.884839,Hydrite apple,13,0,38.59067882
12/1/2022,108.805906,Eskinol papaya 225ml,12,0,120.2850255
12/2/2022,112.2143721,Uni kojic gluta 90g,46,0,133.1473581
12/3/2022,119.4434077,Novagen 15mg,191,0,12.95588421
12/4/2022,117.0800162,Himox 250mg 60ml,199,0,84.15106955
12/5/2022,113.1457659,Hydrite apple,13,0,33.60366923
12/6/2022,108.6911268,RDL cucumber 75ml,127,0,15.84374262
12/7/2022,110.4930006,Immupro,28,0,247.4900581
12/8/2022,107.8686569,Ph care natpro 50ml,184,0,80.58846124
12/9/2022,118.0325037,Happy 10grams,93,0,202.4686115
12/10/2022,114.4535991,Revicon,57,0,63.66016369
12/11/2022,123.1623335,Revicon,57,0,170.3756806
12/12/2022,117.6737636,Goutsaph 500mcg,2,0,190.056965
12/13/2022,112.907994,RDL plain 150ml,209,0,148.9096852
12/14/2022,109.4958421,Dulcolax,5,0,117.8940471
12/15/2022,112.5398191,Ascof 300mg 60ml,214,0,102.9602285
12/16/2022,115.7666741,Colgate regular 50ml,45,0,87.21706664
12/17/2022,122.1497499,Natrasol 100mg,193,0,232.3822861
12/18/2022,121.3298854,RDL kalamansi 150ml,133,0,207.6548519
12/19/2022,118.8903218,young wet fantasy 25ml,145,0,241.2567277
12/20/2022,113.7178231,Goutsaph 500mcg,2,0,31.07430587
12/21/2022,111.8207099,Vicks vapo 25g,30,0,182.7168688
12/22/2022,113.711019,Ph care cool 50ml,107,0,234.5851142
12/23/2022,113.7800759,UHP Glydolax 1.9G 12's,79,0,45.30826654
12/24/2022,118.6094962,Haemore 500mg,117,0,16.62406684
12/25/2022,123.9545812,Bench B20 100ml,177,0,185.2801623
12/26/2022,120.3016231,Trosyd 3.5g,196,0,143.6182783
12/27/2022,115.4504536,Uni kojic w/milk 90g,190,0,210.4571942
12/28/2022,113.3476876,Uni kojic acid 45g,192,0,34.94309416
12/29/2022,115.1692894,Uni kojic acid 180g,171,0,198.816828
12/30/2022,117.5017411,Eskinol papaya 225ml,12,0,50.40683001
12/31/2022,121.1318875,Nestogen 2 135g,123,0,40.91398572
1/1/2023,124.2437997,Himox 125mg 60ml,120,0,41.06644948
1/2/2023,119.3882729,Mupicin ont 5g,119,0,203.6436801
1/3/2023,118.0207657,Uni kojic w/papaya 65g,101,0,166.2993052
1/4/2023,111.2918492,youngs cool fantasy 25ml,6,0,130.7663562
1/5/2023,117.9186339,Safeguard 85g pink,202,0,89.70762103
1/6/2023,120.9122953,J&J active 100ml,212,0,219.3001352
1/7/2023,124.5856827,Centrum advance,94,0,98.11127686
1/8/2023,127.2015474,J&J strong&healthy 100ml,147,0,204.1498599
1/9/2023,126.0585972,care diaper adult 8's medium,83,0,109.7837271
1/10/2023,120.6138481,RDL kalamansi 150ml,133,0,94.23610736
1/11/2023,112.3939784,Mucosolvan 75mg,185,0,115.6699464
1/12/2023,114.6773873,Sunsilk damage 15ml,98,0,75.34446854
1/13/2023,120.0908359,Creamsilk dry rescue 11ml,86,0,186.902345
1/14/2023,125.4959793,Afficianado Fresh Pink 55ml,48,0,125.6800975
1/15/2023,127.6381064,young wet fantasy 50ml,203,0,58.05317379
1/16/2023,122.6388817,Uni kojic gluta 90g,46,0,224.8936433
1/17/2023,120.3171106,Xuric 40mg,132,0,95.97280534
1/18/2023,115.9188296,Creamsilk dry rescue 11ml,86,0,135.8882153
1/19/2023,117.3624265,Myra 400,137,0,226.6180277
1/20/2023,119.8707782,RDL avocado 75ml,71,0,156.059499
1/21/2023,124.9353203,Sunsilk expert straight 15ml,165,0,29.22451018
1/22/2023,125.2314285,Goutsaph 500mcg,2,0,234.9580309
1/23/2023,123.464311,Tiki tiki 60ml,124,0,156.9270133
1/24/2023,123.3698889,Biogesic 500mg,72,0,83.72640366
1/25/2023,116.842829,Creamsilk black 11ml,59,0,34.81801817
1/26/2023,125.1549258,Bigen C dark brown,95,0,198.5062973
1/27/2023,124.9677713,Palmolive healthy shine 15ml,111,0,155.018189
1/28/2023,128.4404992,Gaviscon sachet,143,0,133.365273
1/29/2023,127.4987993,Arcoxia 120mg,47,0,223.4731458
1/30/2023,128.088746,Dove regular pink 135g,131,0,197.1493028
1/31/2023,121.3744268,Vicks inhaler,54,0,37.91871993
2/1/2023,120.2394517,Ph care floracn 50ml,129,0,77.93051695
2/2/2023,126.2545265,Midol 200mg,125,0,62.12228495
2/3/2023,125.0232872,RDL cucumber 75ml,127,0,185.9865731
2/4/2023,131.593409,Neurogen,128,0,8.383108684
2/5/2023,129.0226526,Bioderm tin 5g,187,0,142.4724212
2/6/2023,127.8207893,Revicon,57,0,190.6146714
2/7/2023,127.2587909,Micropills,164,0,219.1914092
2/8/2023,119.921533,Dulcolax,5,0,85.52043718
2/9/2023,125.9275417,youngs garden 25ml,8,0,205.3143262
2/10/2023,127.7871579,Eskinol Calamansi 135ml,87,0,27.65793424
2/11/2023,129.313847,Eskinol derma C 225ml,180,0,211.6130729
2/12/2023,132.8251253,Uni kojic w/papaya 65g,101,0,31.87216558
2/13/2023,130.9542844,Glimcose 30mg,115,0,99.32182264
2/14/2023,126.0660461,Daily Scent Orange 125ml,205,0,199.3238414
2/15/2023,119.126808,Midol 200mg,125,0,37.47935684
2/16/2023,121.9264447,Tuseran forte,35,0,57.31284881
2/17/2023,126.9407099,RDL avocado 150ml,42,0,180.5631421
2/18/2023,131.3397641,Ascof 300mg 60ml,214,0,180.0091341
2/19/2023,133.8370045,young wet fantasy 50ml,203,0,160.2869082
2/20/2023,130.3851751,Daily Scent Violet 125ml,186,0,173.4871111
2/21/2023,123.1573338,Flanax forte 550mg,140,0,135.6811108
2/22/2023,124.0180041,Palmolive damage 15ml,172,0,62.94976473
2/23/2023,125.5767566,RDL plain 75ml,135,0,86.42399838
2/24/2023,129.5144743,Tender care soap pink 80g,14,0,45.3994292
2/25/2023,134.5933885,Tiki tiki 15ml,18,0,227.1126403
2/26/2023,135.190525,Revicon,57,0,145.8479487
2/27/2023,131.8587572,Plemex forte,104,0,100.2128542
2/28/2023,126.5817026,Buscopan venus,58,0,115.5014509
3/1/2023,120.8128747,bench Eight 100ml,213,0,236.8208349
3/2/2023,126.0749803,Tender care soap classic 80g,136,0,38.33785078
3/3/2023,129.6531972,Bench clay doh 25g,92,0,146.557458
3/4/2023,133.8004869,young wet fantasy 50ml,203,0,126.4721697
3/5/2023,131.7770688,Glumet xr 500mg,26,0,152.8635589
3/6/2023,129.5683669,Uni kojic acid 90g,96,0,4.527545955
3/7/2023,129.6004401,UHP Glydolax 1.9G 12's,79,0,218.0309772
3/8/2023,124.8096292,Afficianado Fresh Pink 55ml,48,0,233.0295706
3/9/2023,127.3143613,Catapres 75cg,208,0,141.2832959
3/10/2023,130.0115836,Stresstab,63,0,174.162706
3/11/2023,134.015317,Virlix 10mg,161,0,230.6248453
3/12/2023,136.8868065,Bigen B brown black,162,0,176.8096586
3/13/2023,131.3591134,Dynatussin,91,0,38.13476073
3/14/2023,128.3280068,Uni kojic acid 90g,96,0,144.07209
3/15/2023,124.5865917,Neurogen,128,0,151.6787616
3/16/2023,125.6854116,Sunsilk expert straight 15ml,165,0,106.0326678
3/17/2023,129.9201633,Palmolive healthy shine 15ml,111,0,184.1110589
3/18/2023,134.9640306,RDL papaya 75ml,4,0,233.5917537
3/19/2023,134.5969843,Juicy sweet delight (red)125ml,112,0,231.3921282
3/20/2023,135.4271348,Dove regular bar 135g,33,0,112.7098429
3/21/2023,126.851046,Nestogen 1 135g,19,0,28.30951146
3/22/2023,125.6218742,Mucosolvan 30mg,24,0,246.2102997
3/23/2023,126.1393075,J&J strong&healthy 100ml,147,0,209.7245216
3/24/2023,133.8766356,Lady pills,169,0,31.1656703
3/25/2023,135.3367739,Buscopan venus,58,0,230.2104707
3/26/2023,138.0217292,Saridone,69,0,217.4740905
3/27/2023,130.3276521,Decilone 4mg,31,0,129.7095143
3/28/2023,129.5370434,Lady pills,169,0,147.8188589
3/29/2023,128.1170399,Alaxan Fr,179,0,99.75067597
3/30/2023,127.5049294,Mydoxy 100mg,116,0,13.69040971
3/31/2023,133.414622,Disudrin 10ml,90,0,83.79931041
4/1/2023,134.1894232,Nizoral cream 3.5g,29,0,200.7133621
4/2/2023,139.0363961,Vicks inhaler,54,0,1.158005751
4/3/2023,138.1355323,Vicks formula 44 54ml,178,0,83.37479292
4/4/2023,128.4955143,youngs cool fantasy 25ml,6,0,99.5421734
4/5/2023,125.6442964,Nizoral cream 3.5g,29,0,134.3489007
4/6/2023,130.4239235,Allerta 10mg,7,0,229.9639041
4/7/2023,134.5988702,Daily Scent Violet 125ml,186,0,86.58649859
4/8/2023,134.3136239,Tender care classic 50g,75,0,86.73830047
4/9/2023,135.4919644,Tender care pink 50g,64,0,184.375312
4/10/2023,133.0681166,Vicks formula 44 100ml,68,0,113.0544852
4/11/2023,126.6055792,Herbench So in love 100ml,149,0,56.15120573
4/12/2023,124.7506576,Afficianado Sporty Blue 55ml,194,0,113.109879
4/13/2023,125.5409427,Serc 24mg,23,0,35.21425509
4/14/2023,129.9156544,Diane pills,103,0,44.09674663
4/15/2023,135.2810023,Dove regular pink 135g,131,0,124.5919432
4/16/2023,136.7713567,Biofit tea,102,0,104.7313624
4/17/2023,136.6828998,Juicy angle bliss(Pink) 125ml,82,0,228.7114753
4/18/2023,127.2276775,Palmolive green 15ml,89,0,90.59847478
4/19/2023,128.4662787,J&J active 100ml,212,0,145.1470876
4/20/2023,127.0107667,Gaviscon sachet,143,0,158.066072
4/21/2023,131.2217768,Stresstab,63,0,3.273614147
4/22/2023,136.5494928,youngs cool fantasy 25ml,6,0,165.884343
4/23/2023,133.8870904,Arcoxia 120mg,47,0,44.50899172
4/24/2023,134.1565555,Juicy sweet delight (red)125ml,112,0,240.2675794
4/25/2023,129.3474675,Goutsaph 500mcg,2,0,37.16568194
4/26/2023,127.2531703,Uni kojic acid 135g,51,0,103.6560309
4/27/2023,127.7682938,Dulcolax,5,0,21.33741702
4/28/2023,135.9632224,bench Eight 100ml,213,0,249.218563
4/29/2023,133.637131,care diaper adult 8's medium,83,0,125.5487526
4/30/2023,134.7642761,Bonamine 25mg,148,0,148.8462543
5/1/2023,131.8203134,bench Atlantis 75ml,40,0,16.76911935
5/2/2023,127.5597405,Clovimed 312.5,173,0,187.4901176
5/3/2023,124.6310543,Goutsaph 500mcg,2,0,52.47639827
5/4/2023,129.1871407,Diatabs,53,0,224.5135724
5/5/2023,133.4945389,Daily Scent Orange 125ml,205,0,51.28491012
5/6/2023,133.353956,Eskinol derma C 135ml,152,0,47.67193017
5/7/2023,133.7265033,Eye mo red,150,0,9.137416962
5/8/2023,133.5566598,Arcoxia 120mg,47,0,118.0167363
5/9/2023,127.0959607,Daily Scent Violet 125ml,186,0,141.2102833
5/10/2023,126.6840752,Vicks formula 44 100ml,68,0,16.42715986
5/11/2023,126.7102062,Nestogen 2 135g,123,0,193.8819042
5/12/2023,127.1003678,RDL plain 75ml,135,0,113.3222087
5/13/2023,137.0520661,Novagen 15mg,191,0,131.0975673
5/14/2023,138.4280718,Trust pills,151,0,110.1906867
5/15/2023,130.8170666,Uni kojic acid 180g,171,0,100.1907652
5/16/2023,126.8377555,Palmolive green 15ml,89,0,139.9100828
5/17/2023,125.3868586,Ponstan sf 500mg,38,0,38.81006148
5/18/2023,126.3545871,Gaviscon sachet,143,0,45.48203262
5/19/2023,130.8148921,Sunsilk smooth&mgn 15ml,67,0,215.4464053
5/20/2023,137.3282885,Ph care delwhit 50ml,156,0,236.5288655
5/21/2023,133.8183682,Mucosolvan 75mg,185,0,93.32732907
5/22/2023,129.7673687,Uni kojic w/milk 90g,190,0,67.68616829
5/23/2023,124.1614675,Juicy icylicioys(blue)125ml,168,0,160.9998858
5/24/2023,122.6461025,H&S apple 12ml,70,0,102.1835428
5/25/2023,124.8984052,Mucosolvan 75mg,185,0,6.346588915
5/26/2023,132.3523234,Ascof 300mg 60ml,214,0,39.03814934
5/27/2023,131.5247509,Sangobion,138,0,178.9930572
5/28/2023,133.8588983,Clovimed 312.5,173,0,164.7309855
5/29/2023,130.5574222,Decolgen forte,55,0,6.773998126
5/30/2023,128.5107254,Xanthone plus,160,0,55.49304048
5/31/2023,128.3634755,H&S apple 12ml,70,0,57.76869915
6/1/2023,123.0926752,Haemore 500mg,117,0,167.9731859
6/2/2023,126.9624821,Hemarate FA,198,0,4.927634439
6/3/2023,133.8151456,Eskinol derma C 225ml,180,0,26.0271455
6/4/2023,133.9309535,Sinecod forte,17,0,199.9790213
6/5/2023,133.4288327,Afficianado Sporty Blue 55ml,194,0,44.63616551
6/6/2023,126.4365545,Ph care cool 50ml,107,0,163.186527
6/7/2023,121.7157051,Brelvastin 40mg,153,0,59.54569526
6/8/2023,124.4506338,Tiki tiki 15ml,18,0,24.86034819
6/9/2023,129.2642285,young wet fantasy 50ml,203,0,60.79304775
6/10/2023,132.4641165,Afficianado Fresh Pink 55ml,48,0,180.566733
6/11/2023,132.6692365,Vicks formula 44 100ml,68,0,213.924117
6/12/2023,130.9477993,Goutsaph 500mcg,2,0,207.5549661
6/13/2023,126.678162,Cefalin 250mg 60ml,65,0,99.2958824
6/14/2023,124.26165,young wet fantasy 25ml,145,0,167.0212841
6/15/2023,123.6222883,Bioflu,118,0,51.24607385
6/16/2023,125.7609649,Lady pills,169,0,73.28693257
6/17/2023,130.1581305,Himox 250mg 60ml,199,0,224.0839546
6/18/2023,133.1027666,Mucosolvan 75mg,185,0,3.250480878
6/19/2023,126.2094879,Herbench So in love 100ml,149,0,21.37713271
6/20/2023,124.1000175,Cefalin 125mg 60ml,100,0,51.97156379
6/21/2023,119.7282887,Biofit tea,102,0,6.633050968
6/22/2023,121.3948716,Uni kojic w/papaya 65g,101,0,45.35885877
6/23/2023,127.6598439,young wet fantasy 50ml,203,0,145.7603902
6/24/2023,129.2502141,Dynatussin 60ml,170,0,105.3561376
6/25/2023,129.7818575,Zebet 80mg,182,0,223.1679278
6/26/2023,124.1191561,Tender care classic 50g,75,0,204.3608904
6/27/2023,123.8473121,Aspilet 80mg,157,0,85.45433792
6/28/2023,120.7950463,Dove regular pink 135g,131,0,64.85585836
6/29/2023,124.650334,Catapres 75cg,208,0,94.92310204
6/30/2023,123.4715116,Dynatussin 60ml,170,0,147.5737356
7/1/2023,128.2884848,Palmolive damage 15ml,172,0,67.01591021
7/2/2023,129.1683157,Risek 40mg,32,0,156.037227
7/3/2023,128.9730906,Lomotil 2mg,9,0,102.352913
7/4/2023,121.1426377,Hemarate FA,198,0,138.0117952
7/5/2023,119.0400096,Sunsilk damage 15ml,98,0,109.0316323
7/6/2023,120.5173278,Tender care classic 50g,75,0,73.61643989
7/7/2023,123.4381749,Norvatrol 10mg,166,0,237.1133267
7/8/2023,125.9357407,RDL plain 250ml,174,0,190.9014485
7/9/2023,128.037044,Tender care soap classic 80g,136,0,35.02829394
7/10/2023,126.9460115,Betadine wound sol 15ml,146,0,217.116994
7/11/2023,118.2623664,Stresstab,63,0,121.8577996
7/12/2023,117.7320338,Herbench So in love 100ml,149,0,223.6380567
7/13/2023,116.8877358,bench Atlantis 100ml,204,0,199.963814
7/14/2023,124.4441616,Hydrite plain,11,0,106.3033761
7/15/2023,122.7743682,Bioderm tin 5g,187,0,5.61732708
7/16/2023,125.5265295,Dove regular pink 135g,131,0,67.16933985
7/17/2023,124.5524075,Dolfenal 500mg,159,0,135.4085537
7/18/2023,122.4497578,Disudrin 10ml,90,0,158.369555
7/19/2023,116.3423331,Serc 8mg,1,0,64.47192136
7/20/2023,116.1900918,Saridone,69,0,34.83901852
7/21/2023,124.8340167,Colgate regular 25ml,183,0,208.7325592
7/22/2023,121.9478143,Juicy angle bliss(Pink) 125ml,82,0,246.1005452
7/23/2023,121.2756706,Happy 10grams,93,0,131.4225456
7/24/2023,123.7130729,Tender care soap classic 80g,136,0,42.91982146
7/25/2023,117.3561523,RDL papaya 75ml,4,0,68.07683163
7/26/2023,113.4797477,Dulcolax,5,0,4.597669137
7/27/2023,117.7727481,Uni kojic acid 135g,51,0,228.5747016
7/28/2023,120.6223467,Safeguard 85g pink,202,0,29.43777072
7/29/2023,122.7865575,Biogesic 120mg orange,176,0,144.1291189
7/30/2023,122.1917056,Bioflu,118,0,68.51380517
7/31/2023,123.6654766,Zebet 80mg,182,0,138.5445006
8/1/2023,118.7569914,Himox 250mg 60ml,199,0,162.8550971
8/2/2023,114.4293219,UHP Glydolax 1.9G 12's,79,0,207.4354509
8/3/2023,119.1642206,Nestogen 2 135g,123,0,51.60531794
8/4/2023,117.1192544,Palmolive damage 15ml,172,0,2.748957165
8/5/2023,119.9984237,Serc 8mg,1,0,34.22140752
8/6/2023,122.5136483,bench Atlantis 75ml,40,0,225.0046605
8/7/2023,120.985238,J&J tear free 100ml,76,0,218.4725194
8/8/2023,117.1101183,Trust pills,151,0,149.3532755
8/9/2023,113.3233548,Glimcose 30mg,115,0,150.1292151
8/10/2023,115.364811,Dove regular pink 135g,131,0,166.2591686
8/11/2023,115.9579932,Tender care soap classic 80g,136,0,43.84281966
8/12/2023,125.1508362,Allerkid 5mg 60ml,211,0,228.6029865
8/13/2023,122.9594669,Colgate regular 25ml,183,0,104.6926312
8/14/2023,122.5500615,Pharmaton essential,99,0,95.78463206
8/15/2023,116.5609842,bench Atlantis 100ml,204,0,129.7294263
8/16/2023,113.9847375,Ph care cool 5ml,121,0,11.74149169
8/17/2023,115.0792204,Gaviscon double action,36,0,41.57084219
8/18/2023,118.6493239,young wet fantasy 25ml,145,0,184.5084041
8/19/2023,122.8556998,Bench B20 100ml,177,0,20.69966698
8/20/2023,125.1033935,Medicol 400mg,141,0,150.7880274
8/21/2023,120.0444583,Flumuicil 600mg,62,0,61.33727742
8/22/2023,116.6443647,Kremil s pink,88,0,97.32390351
8/23/2023,112.2577072,Decolgen forte,55,0,72.17343419
8/24/2023,116.2012336,Neurogen,128,0,88.91817912
8/25/2023,115.7980384,Sinecod forte,17,0,179.7614763
8/26/2023,124.584887,Dynatussin 120ml,49,0,74.28042891
8/27/2023,121.7935879,Palmolive green 15ml,89,0,141.6011601
8/28/2023,116.2349678,Cyfrox 500mg,197,0,119.0126005
8/29/2023,114.9441731,Imodium,39,0,165.9177913
8/30/2023,110.5534009,Creamsilk dry rescue 11ml,86,0,234.2074348
8/31/2023,114.4975388,Aspilet 80mg,157,0,183.1430243
9/1/2023,115.3579581,Tiki tiki 60ml,124,0,53.73509465
9/2/2023,119.6203513,Eskinol Calamansi 225ml,108,0,7.795783765
9/3/2023,117.6420565,Dove regular bar 135g,33,0,65.56601107
9/4/2023,117.7568498,youngs sweet 50ml,134,0,148.7694827
9/5/2023,109.4230433,Rexidol,142,0,12.85645337
9/6/2023,108.3486068,Dolfenal 250mg,34,0,124.0915618
9/7/2023,113.9562322,Sinecod forte,17,0,149.2107122
9/8/2023,117.8723672,Decilone 4mg,31,0,83.5609727
9/9/2023,121.019765,Hydrite plain,11,0,192.7280509
9/10/2023,119.1620442,Happy 10grams,93,0,26.64956328
9/11/2023,118.2597752,Natrasol 100mg,193,0,18.78444543
9/12/2023,113.976354,Micropills,164,0,182.0471891
9/13/2023,108.931601,Pharmaton essential,99,0,123.8728291
9/14/2023,115.1934115,Juicy S sprinkle(green) 125ml,56,0,172.1005991
9/15/2023,117.8261253,Happy 10grams,93,0,108.7068347
9/16/2023,119.517099,Betadine wound sol 7.5ml,158,0,61.60050831
9/17/2023,120.9596053,Biogesic 500mg,72,0,204.7755794
9/18/2023,118.6015708,Pharmaton essential,99,0,199.8539697
9/19/2023,109.7495711,young garden 50ml,154,0,173.6741177
9/20/2023,110.6234303,Gaviscon double action,36,0,68.03628431
9/21/2023,110.7121666,Bigen A natural black,50,0,147.5576667
9/22/2023,113.9778331,Hemarate FA,198,0,90.24347424
9/23/2023,119.3267321,Herbench So in love 100ml,149,0,22.89551833
9/24/2023,124.4514196,Sinecod forte,17,0,229.3283939
9/25/2023,119.4370801,Dulcolax,5,0,34.20465773
9/26/2023,112.6817109,Dynatussin 120ml,49,0,237.5593385
9/27/2023,112.2744742,RDL plain 75ml,135,0,111.5014432
9/28/2023,114.9069156,Creamsilk dry rescue 11ml,86,0,46.28323221
9/29/2023,117.8830005,RDL avocado 150ml,42,0,135.4752368
9/30/2023,120.0814822,bench Atlantis 75ml,40,0,218.236459
10/1/2023,119.6561228,Serc 8mg,1,0,183.0562216
10/2/2023,119.6664779,Nestogen 1-3 135g,206,0,201.640287
10/3/2023,114.7463835,Tiki tiki 15ml,18,0,164.6958417
10/4/2023,113.0757598,Vicks vapo 50g,105,0,173.0691411
10/5/2023,113.5553415,Uni kojic acid 90g,96,0,212.2989129
10/6/2023,118.3303618,Uni kojic w/papaya 65g,101,0,62.41700221
10/7/2023,119.1099996,Xuric 40mg,132,0,122.3562409
10/8/2023,123.8237478,Master oil control clear 135ml,81,0,55.30236045
10/9/2023,118.9248915,Nizoral cream 3.5g,29,0,246.917002
10/10/2023,118.3902703,Bigen C dark brown,95,0,236.0148349
10/11/2023,110.2079791,Eskinol calamansi 75ml,61,0,9.856702842
10/12/2023,116.0785173,Tender care soap pink 80g,14,0,176.3937931
10/13/2023,116.9692387,Immupro,28,0,231.3120794
10/14/2023,119.2403163,Cyfrox 500mg,197,0,45.14383628
10/15/2023,120.6043382,Vicks inhaler,54,0,141.9863076
10/16/2023,118.2925563,Afficianado Sporty Blue 55ml,194,0,228.8720744
10/17/2023,115.5119818,Mucosolvan 75mg,185,0,8.486494646
10/18/2023,113.076198,Bench B20 100ml,177,0,174.3550668
10/19/2023,111.9235553,Vicks vapo 25g,30,0,74.33725184
10/20/2023,117.0091832,Vicks inhaler,54,0,231.0990488
10/21/2023,125.3321883,Tuseran forte,35,0,242.7645613
10/22/2023,125.5516159,Bigen C dark brown,95,0,236.0666223
10/23/2023,120.3501409,Disudrin 120ml,139,0,118.5535542
10/24/2023,115.3036151,Motillium,155,0,215.5106627
10/25/2023,112.8541504,Daily Scent Violet 125ml,186,0,211.1373496
10/26/2023,114.9010354,Eye mo red,150,0,79.77511831
10/27/2023,115.63471,Flanax forte 550mg,140,0,207.2288685
10/28/2023,121.1745255,Diane pills,103,0,9.251908679
10/29/2023,119.4200843,Nestogen 1-3 135g,206,0,149.0674696
10/30/2023,120.9556127,J&J strong&healthy 100ml,147,0,57.50220932
10/31/2023,117.2204755,Glumet xr 500mg,26,0,30.14172144
11/1/2023,112.3648399,Bioderm tin 5g,187,0,19.23830041
11/2/2023,117.557589,Rexidol,142,0,174.072194
11/3/2023,115.9827068,Bigen B brown black,162,0,84.96874094
11/4/2023,119.5326291,Nestogen 2 135g,123,0,181.1916929
11/5/2023,123.996239,Clovimed 312.5,173,0,16.3390852
11/6/2023,123.0592484,Eskinol Calamansi 135ml,87,0,78.82258446
11/7/2023,120.1194412,Buscopan venus,58,0,134.8728231
11/8/2023,113.2563727,Uni kojic gluta 180g,10,0,197.6807912
11/9/2023,117.4271359,Eskinol derma C 135ml,152,0,79.68812573
11/10/2023,119.2344093,Serc 8mg,1,0,156.4728441
11/11/2023,123.0101358,Dynatussin 120ml,49,0,221.4944371
11/12/2023,126.2252792,young wet fantasy 50ml,203,0,153.965797
11/13/2023,123.1967179,Diatabs,53,0,58.23986869
11/14/2023,114.5419976,Nestogen 2 135g,123,0,6.100195389
11/15/2023,118.0863682,Afficianado Fancy Red 55ml,113,0,217.5247185
11/16/2023,119.004823,Eskinol derma C 135ml,152,0,5.317352713
11/17/2023,119.0506518,youngs garden 25ml,8,0,218.6754182
11/18/2023,125.1525938,UHP Glydolax 1.9G 12's,79,0,132.2342835
11/19/2023,126.4666173,Ph care floracn 5ml,25,0,234.7669246
11/20/2023,123.4487701,Dianov 2mg,163,0,199.6958089
11/21/2023,117.644022,Eskinol calamansi 75ml,61,0,249.4835276
11/22/2023,114.8541338,Ph care delwhit 50ml,156,0,87.67795386
11/23/2023,117.2716066,Sinecod forte,17,0,191.7970722
11/24/2023,123.7390256,Vicks inhaler,54,0,100.4827284
11/25/2023,126.5534236,Kremil s pink,88,0,119.9689051
11/26/2023,125.8557375,Tender care pink 50g,64,0,156.8763658
11/27/2023,125.6021244,J&J baby bath 100ml,80,0,218.4192785
11/28/2023,114.1914653,Ponstan sf 500mg,38,0,246.0208673
11/29/2023,119.651159,Trosyd 3.5g,196,0,192.0683535
11/30/2023,115.0115744,Myra 400,137,0,104.4416955
12/1/2023,121.8487206,Hemarate FA,198,0,105.3392506
12/2/2023,124.4183706,young garden 50ml,154,0,184.3955754
12/3/2023,125.2102432,Biogesic 120mg orange,176,0,59.69428644
12/4/2023,127.5938711,RDL cucumber 75ml,127,0,27.61852828
12/5/2023,120.1771836,Daily Scent Orange 125ml,205,0,88.65553941
12/6/2023,119.2809069,Ph care natpro 50ml,184,0,71.80974791
12/7/2023,119.6413566,Betadine wound sol 7.5ml,158,0,74.07703011
12/8/2023,124.7814895,Ponstan sf 500mg,38,0,58.40193776
12/9/2023,128.0744514,RDL plain 250ml,174,0,10.52329741
12/10/2023,126.5056904,Zebet 80mg,182,0,4.468483683
12/11/2023,128.5454684,J&J tear free 100ml,76,0,246.9305974
12/12/2023,121.414113,Gaviscon sachet,143,0,106.9432834
12/13/2023,116.7717704,RDL cucumber150ml,130,0,96.08166179
12/14/2023,120.1836669,Myra 400,137,0,169.9118207
12/15/2023,128.1409587,Vicks formula 44 100ml,68,0,54.56347197
12/16/2023,130.9402793,Dalacin c 300mg,74,0,237.490296
12/17/2023,129.7000588,Palmolive anti dandruff 15ml,21,0,196.5862536
12/18/2023,127.1864287,bench eight 75ml,20,0,22.35275058
12/19/2023,123.0963456,Eskinol papaya 75ml,43,0,104.3951939
12/20/2023,125.3820575,Juicy S sprinkle(green) 125ml,56,0,219.7795769
12/21/2023,123.152689,Zebet 80mg,182,0,236.1830056
12/22/2023,127.353391,Novagen 15mg,191,0,116.8503778
12/23/2023,132.6588718,Palmolive green 15ml,89,0,153.3528473
12/24/2023,132.2376624,Ph care floracn 5ml,25,0,41.75848652
12/25/2023,128.7334827,Palmolive damage 15ml,172,0,247.7921565
12/26/2023,124.7170899,Nestogen 2 135g,123,0,57.91792535
12/27/2023,122.4587318,Tiki tiki 60ml,124,0,235.6829435
12/28/2023,123.6905922,Plemex forte,104,0,162.4116622
12/29/2023,129.3272773,Nido 1plus 150g,201,0,151.9341987
12/30/2023,132.0830445,Mucosolvan 75mg,185,0,128.1721278
12/31/2023,134.6079941,Vicks formula 44 54ml,178,0,57.66745293
1/1/2024,130.47419,Tender care soap pink 80g,14,0,44.132008
1/2/2024,126.6521863,Norvatrol 10mg,166,0,55.12155227
1/3/2024,119.9913728,Ascof 600mg,110,0,46.60956554
1/4/2024,126.9838887,Ph care cool 5ml,121,0,194.8961184
1/5/2024,129.9511919,youngs cool fantasy 25ml,6,0,87.53131479
1/6/2024,135.3610128,Myra 400,137,0,14.46066914
1/7/2024,128.7353295,Biogesic 500mg,72,0,242.2756575
1/8/2024,136.1964288,bench Eight 100ml,213,0,220.9464712
1/9/2024,127.5983665,Tiki tiki 60ml,124,0,231.9380708
1/10/2024,127.5849876,Trust pills,151,0,248.7269557
1/11/2024,124.450132,Moticon 25mg,126,0,43.4738123
1/12/2024,131.8599813,Eskinol Calamansi 135ml,87,0,99.06050473
1/13/2024,132.6315342,bench Eight 100ml,213,0,189.5596189
1/14/2024,134.6504762,Zebet 80mg,182,0,174.0051545
1/15/2024,137.214365,Ph care cool 5ml,121,0,38.47397658
1/16/2024,128.858902,Juicy angle bliss(Pink) 125ml,82,0,203.9582812
1/17/2024,127.1619568,Uni kojic acid 90g,96,0,56.11014296
1/18/2024,129.623948,Dove regular pink 135g,131,0,55.95440371
1/19/2024,132.9747181,Allerkid 5mg 60ml,211,0,134.2436057
1/20/2024,136.3828305,Rexidol,142,0,148.2349837
1/21/2024,137.9659257,Eskinol papaya 135ml,16,0,145.021552
1/22/2024,139.5251428,Formet 500mg,77,0,22.87170935
1/23/2024,130.4507174,Herbench So in love 50ml,3,0,219.3652157
1/24/2024,128.4483174,Serc 24mg,23,0,66.40001065
1/25/2024,131.2971526,Moticon 25mg,126,0,32.37873032
1/26/2024,135.4991057,Xanthone plus,160,0,222.18702
1/27/2024,139.7530883,Afficianado Sporty Blue 55ml,194,0,238.9128746
1/28/2024,139.8025043,Flumuicil 600mg,62,0,215.5319043
1/29/2024,133.713019,Nizoral cream 3.5g,29,0,202.3790187
1/30/2024,135.1048868,Eskinol derma C 135ml,152,0,163.8104952
1/31/2024,127.0165257,Trosyd 3.5g,196,0,137.7143427
2/1/2024,131.05492,Uromid 40mg,97,0,21.74668998
2/2/2024,133.023698,Aspilet 80mg,157,0,102.1133033
2/3/2024,138.4850226,Bonamine 25mg,148,0,93.17212925
2/4/2024,140.4066042,Juicy icylicioys(blue)125ml,168,0,64.93844594
2/5/2024,137.8552339,Tiki tiki 60ml,124,0,180.8550284
2/6/2024,133.8845053,Mupicin ont 5g,119,0,123.9689338
2/7/2024,133.7281261,Eskinol calamansi 75ml,61,0,20.26155398
2/8/2024,132.5367527,Dolfenal 250mg,34,0,55.04580049
2/9/2024,135.2122235,Midol 200mg,125,0,170.8146909
2/10/2024,141.6977206,young wet fantasy 25ml,145,0,19.03271487
2/11/2024,143.2719385,Juicy S sprinkle(green) 125ml,56,0,212.8017285
2/12/2024,135.8886082,Catapres 75cg,208,0,123.7866318
2/13/2024,135.3538731,RDL kalamansi 150ml,133,0,120.1466443
2/14/2024,133.0082856,Ascof 300mg 60ml,214,0,148.1019462
2/15/2024,132.1263474,Dynatussin,91,0,206.1702415
2/16/2024,139.5300249,Disudrin 10ml,90,0,86.95230198
2/17/2024,140.5335282,Xanthone plus,160,0,169.5040381
2/18/2024,142.1940008,Formet 500mg,77,0,141.432991
2/19/2024,139.0330306,young wet fantasy 25ml,145,0,66.75706754
2/20/2024,135.2108287,Bench B20 100ml,177,0,219.6574966
2/21/2024,130.4189863,Moticon 25mg,126,0,199.3565054
2/22/2024,130.8317236,Afficianado Fresh Pink 55ml,48,0,164.6129587
2/23/2024,140.9424875,Dove regular bar 135g,33,0,212.6454323
2/24/2024,140.0988629,Mucosolvan 75mg,185,0,216.8235502
2/25/2024,140.9032593,Pharmaton essential,99,0,177.0907442
2/26/2024,135.9994144,care diaper adult 8's large,189,0,209.2533321
2/27/2024,134.812371,Diane pills,103,0,174.3678654
2/28/2024,130.8593684,Uni kojic acid 180g,171,0,170.0351929
2/29/2024,137.8730438,Decilone 4mg,31,0,154.6528446
