ds,y,medicine_name,price_per_unit,marketing_spend,competitor_price,promotion_flag,is_holiday,description,medicine_id
2022-01-05,161,ACETAZOLAMIDE,23.95 ,18615.00 ,11.17,1,1,250MG TABLET,678023
2022-01-05,22,ACETYLCYSTEINE,16.17 ,12030.00 ,7.04,0,1,600MG TABLET,489074
2022-01-09,223,ACICLOVIR,6.54 ,4620.00 ,45.25,0,1,400 MG TABLET,187688
2022-01-09,16,AMIKACIN,31.43 ,9750.00 ,21.47,0,0,100MG/2ML VIAL,777576
2022-01-09,263,ALL-IN-ONE ADMIXTURES,35.01 ,19556.00 ,5.01,1,0,"1,400 KCAL",881744
2022-01-16,64,ALLOPURINOL,39.75 ,17086.00 ,5.89,0,0,100MG TABLET,791246
2022-01-16,42,AMOXICILLIN,33.83 ,11283.00 ,20.95,1,0,500 MG CAPSULE,759303
2022-01-21,259,ARIPIPRAZOLE,34.54 ,1676.00 ,20.14,0,1,15MG TABLET,756789
2022-01-21,158,ASCORBIC ACID,8.78 ,11117.00 ,6.72,1,0,"100MG/5ML, 60ML SYRUP",721058
2022-01-22,110,AZITHROMYCIN,22.14 ,2012.00 ,29.46,0,1,500 MG VIAL,320451
2022-01-27,123,ACETAZOLAMIDE,18.88 ,19577.00 ,10.57,0,0,250MG TABLET,678023
2022-01-30,197,ACETYLCYSTEINE,37.04 ,7023.00 ,19.57,0,1,600MG TABLET,489074
2022-01-30,110,ACICLOVIR,43.71 ,19555.00 ,12.77,0,1,400 MG TABLET,187688
2022-02-01,277,AMIKACIN,31.23 ,11168.00 ,35.73,0,1,100MG/2ML VIAL,777576
2022-02-02,173,ALL-IN-ONE ADMIXTURES,16.76 ,11802.00 ,17.04,1,0,"1,400 KCAL",881744
2022-02-04,188,ALLOPURINOL,48.83 ,13491.00 ,23.18,1,0,100MG TABLET,791246
2022-02-05,67,AMOXICILLIN,32.85 ,14802.00 ,46.38,1,1,500 MG CAPSULE,759303
2022-02-06,96,ARIPIPRAZOLE,37.75 ,13583.00 ,39.70,1,0,15MG TABLET,756789
2022-02-12,168,ASCORBIC ACID,9.32 ,17998.00 ,6.12,1,0,"100MG/5ML, 60ML SYRUP",721058
2022-02-13,36,AZITHROMYCIN,20.39 ,19916.00 ,15.65,1,0,500 MG VIAL,320451
2022-02-13,63,ACETAZOLAMIDE,20.63 ,6283.00 ,23.69,1,1,250MG TABLET,678023
2022-02-13,273,ACETYLCYSTEINE,46.36 ,17749.00 ,11.37,0,0,600MG TABLET,489074
2022-02-17,252,ACICLOVIR,43.13 ,19411.00 ,29.13,1,0,400 MG TABLET,187688
2022-02-20,196,AMIKACIN,18.06 ,16057.00 ,31.95,1,1,100MG/2ML VIAL,777576
2022-02-20,58,ALL-IN-ONE ADMIXTURES,26.31 ,7455.00 ,31.91,0,0,"1,400 KCAL",881744
2022-03-02,77,ALLOPURINOL,38.15 ,9838.00 ,32.69,0,1,100MG TABLET,791246
2022-03-05,121,AMOXICILLIN,14.83 ,16704.00 ,34.38,1,1,500 MG CAPSULE,759303
2022-03-06,75,ARIPIPRAZOLE,30.76 ,8410.00 ,31.44,0,1,15MG TABLET,756789
2022-03-06,175,ASCORBIC ACID,48.17 ,16970.00 ,17.57,0,1,"100MG/5ML, 60ML SYRUP",721058
2022-03-11,179,AZITHROMYCIN,31.03 ,10311.00 ,37.17,0,0,500 MG VIAL,320451
2022-03-11,182,ACETAZOLAMIDE,7.18 ,2821.00 ,32.09,1,1,250MG TABLET,678023
2022-03-12,12,ACETYLCYSTEINE,46.64 ,5329.00 ,39.22,1,1,600MG TABLET,489074
2022-03-12,109,ACICLOVIR,29.34 ,7083.00 ,12.38,0,0,400 MG TABLET,187688
2022-03-13,107,AMIKACIN,23.92 ,19071.00 ,42.81,1,0,100MG/2ML VIAL,777576
2022-03-17,36,ALL-IN-ONE ADMIXTURES,20.19 ,16042.00 ,49.86,0,0,"1,400 KCAL",881744
2022-03-21,161,ALLOPURINOL,41.06 ,11409.00 ,28.33,0,0,100MG TABLET,791246
2022-03-21,64,AMOXICILLIN,9.16 ,18889.00 ,42.37,1,1,500 MG CAPSULE,759303
2022-03-23,140,ARIPIPRAZOLE,30.97 ,12587.00 ,23.85,1,0,15MG TABLET,756789
2022-03-23,241,ASCORBIC ACID,40.57 ,10508.00 ,30.38,0,1,"100MG/5ML, 60ML SYRUP",721058
2022-03-26,230,AZITHROMYCIN,43.93 ,8661.00 ,12.34,0,1,500 MG VIAL,320451
2022-03-29,126,ACETAZOLAMIDE,7.86 ,13605.00 ,7.85,1,1,250MG TABLET,678023
2022-04-03,42,ACETYLCYSTEINE,43.92 ,5103.00 ,24.33,1,0,600MG TABLET,489074
2022-04-05,243,ACICLOVIR,26.43 ,12497.00 ,20.63,1,1,400 MG TABLET,187688
2022-04-11,155,AMIKACIN,46.19 ,11847.00 ,16.12,1,0,100MG/2ML VIAL,777576
2022-04-11,105,ALL-IN-ONE ADMIXTURES,42.98 ,12236.00 ,34.82,1,1,"1,400 KCAL",881744
2022-04-15,219,ALLOPURINOL,20.92 ,5857.00 ,40.55,1,0,100MG TABLET,791246
2022-04-20,166,AMOXICILLIN,16.32 ,6244.00 ,48.58,0,1,500 MG CAPSULE,759303
2022-04-23,163,ARIPIPRAZOLE,26.04 ,10557.00 ,26.67,0,1,15MG TABLET,756789
2022-04-26,284,ASCORBIC ACID,6.55 ,8085.00 ,10.75,1,0,"100MG/5ML, 60ML SYRUP",721058
2022-04-28,204,AZITHROMYCIN,40.61 ,1535.00 ,40.10,0,1,500 MG VIAL,320451
2022-04-28,135,ACETAZOLAMIDE,43.58 ,9882.00 ,5.81,0,0,250MG TABLET,678023
2022-04-30,176,ACETYLCYSTEINE,9.48 ,15713.00 ,33.77,1,0,600MG TABLET,489074
2022-05-02,170,ACICLOVIR,30.47 ,15356.00 ,34.65,0,1,400 MG TABLET,187688
2022-05-08,142,AMIKACIN,10.04 ,12770.00 ,46.45,1,0,100MG/2ML VIAL,777576
2022-05-08,184,ALL-IN-ONE ADMIXTURES,13.05 ,18799.00 ,17.77,0,0,"1,400 KCAL",881744
2022-05-10,212,ALLOPURINOL,14.16 ,18862.00 ,25.25,1,0,100MG TABLET,791246
2022-05-14,115,AMOXICILLIN,41.30 ,19355.00 ,24.54,0,0,500 MG CAPSULE,759303
2022-05-15,221,ARIPIPRAZOLE,12.55 ,11604.00 ,26.61,0,0,15MG TABLET,756789
2022-05-15,222,ASCORBIC ACID,42.98 ,15385.00 ,45.97,1,0,"100MG/5ML, 60ML SYRUP",721058
2022-05-18,184,AZITHROMYCIN,40.35 ,14830.00 ,28.94,0,1,500 MG VIAL,320451
2022-05-22,71,ACETAZOLAMIDE,27.24 ,4786.00 ,21.71,0,0,250MG TABLET,678023
2022-05-22,188,ACETYLCYSTEINE,31.83 ,10307.00 ,35.84,0,1,600MG TABLET,489074
2022-05-24,127,ACICLOVIR,14.75 ,11378.00 ,35.28,1,1,400 MG TABLET,187688
2022-05-25,145,AMIKACIN,35.25 ,10542.00 ,31.53,1,0,100MG/2ML VIAL,777576
2022-05-27,37,ALL-IN-ONE ADMIXTURES,40.82 ,13852.00 ,33.48,1,1,"1,400 KCAL",881744
2022-05-29,251,ALLOPURINOL,26.43 ,6380.00 ,12.78,0,0,100MG TABLET,791246
2022-05-29,68,AMOXICILLIN,12.18 ,3691.00 ,36.66,1,0,500 MG CAPSULE,759303
2022-06-02,294,ARIPIPRAZOLE,31.59 ,15913.00 ,6.76,0,1,15MG TABLET,756789
2022-06-04,157,ASCORBIC ACID,26.08 ,8163.00 ,9.64,1,1,"100MG/5ML, 60ML SYRUP",721058
2022-06-05,172,AZITHROMYCIN,9.04 ,4549.00 ,33.01,0,1,500 MG VIAL,320451
2022-06-05,12,ACETAZOLAMIDE,46.34 ,10222.00 ,8.33,0,1,250MG TABLET,678023
2022-06-05,171,ACETYLCYSTEINE,17.70 ,8007.00 ,24.60,0,0,600MG TABLET,489074
2022-06-06,189,ACICLOVIR,44.66 ,18844.00 ,18.54,1,0,400 MG TABLET,187688
2022-06-06,24,AMIKACIN,28.90 ,11562.00 ,37.63,0,0,100MG/2ML VIAL,777576
2022-06-10,231,ALL-IN-ONE ADMIXTURES,22.88 ,6995.00 ,16.24,1,1,"1,400 KCAL",881744
2022-06-10,141,ALLOPURINOL,19.57 ,12349.00 ,28.46,1,1,100MG TABLET,791246
2022-06-14,15,AMOXICILLIN,36.93 ,19980.00 ,6.64,1,1,500 MG CAPSULE,759303
2022-06-18,130,ARIPIPRAZOLE,49.28 ,6998.00 ,11.26,1,1,15MG TABLET,756789
2022-06-19,298,ASCORBIC ACID,34.08 ,3676.00 ,20.05,0,1,"100MG/5ML, 60ML SYRUP",721058
2022-06-19,26,AZITHROMYCIN,24.97 ,7622.00 ,38.59,1,0,500 MG VIAL,320451
2022-06-20,261,ACETAZOLAMIDE,7.33 ,1990.00 ,47.47,0,1,250MG TABLET,678023
2022-06-22,239,ACETYLCYSTEINE,47.59 ,16352.00 ,42.43,1,1,600MG TABLET,489074
2022-06-22,219,ACICLOVIR,25.42 ,15709.00 ,16.66,0,0,400 MG TABLET,187688
2022-06-30,177,AMIKACIN,30.33 ,7231.00 ,39.85,1,0,100MG/2ML VIAL,777576
2022-06-30,103,ALL-IN-ONE ADMIXTURES,16.82 ,13757.00 ,12.22,0,1,"1,400 KCAL",881744
2022-07-08,179,ALLOPURINOL,27.50 ,4263.00 ,46.93,1,0,100MG TABLET,791246
2022-07-09,177,AMOXICILLIN,12.31 ,10644.00 ,16.98,1,1,500 MG CAPSULE,759303
2022-07-10,50,ARIPIPRAZOLE,9.97 ,7037.00 ,46.06,0,1,15MG TABLET,756789
2022-07-12,104,ASCORBIC ACID,7.86 ,14738.00 ,39.46,0,1,"100MG/5ML, 60ML SYRUP",721058
2022-07-15,191,AZITHROMYCIN,30.61 ,1099.00 ,8.10,1,0,500 MG VIAL,320451
2022-07-16,232,ACETAZOLAMIDE,46.73 ,5040.00 ,49.54,0,0,250MG TABLET,678023
2022-07-16,35,ACETYLCYSTEINE,48.73 ,14408.00 ,49.45,1,0,600MG TABLET,489074
2022-07-17,179,ACICLOVIR,28.33 ,15793.00 ,27.79,0,0,400 MG TABLET,187688
2022-07-27,167,AMIKACIN,46.06 ,15884.00 ,39.13,1,1,100MG/2ML VIAL,777576
2022-08-05,172,ALL-IN-ONE ADMIXTURES,26.88 ,2694.00 ,7.59,0,0,"1,400 KCAL",881744
2022-08-07,178,ALLOPURINOL,21.21 ,19363.00 ,47.51,0,0,100MG TABLET,791246
2022-08-07,181,AMOXICILLIN,26.01 ,15807.00 ,12.81,1,0,500 MG CAPSULE,759303
2022-08-12,61,ARIPIPRAZOLE,20.92 ,16784.00 ,10.06,1,1,15MG TABLET,756789
2022-08-12,204,ASCORBIC ACID,16.93 ,13233.00 ,22.40,0,1,"100MG/5ML, 60ML SYRUP",721058
2022-08-13,235,AZITHROMYCIN,49.82 ,5679.00 ,11.24,1,1,500 MG VIAL,320451
2022-08-14,107,ACETAZOLAMIDE,9.70 ,3783.00 ,27.14,1,1,250MG TABLET,678023
2022-08-19,170,ACETYLCYSTEINE,47.53 ,8766.00 ,29.55,0,0,600MG TABLET,489074
2022-08-21,296,ACICLOVIR,7.87 ,1828.00 ,28.88,0,0,400 MG TABLET,187688
2022-08-21,119,AMIKACIN,36.44 ,8803.00 ,27.70,1,1,100MG/2ML VIAL,777576
2022-08-28,79,ALL-IN-ONE ADMIXTURES,29.43 ,1351.00 ,46.06,0,1,"1,400 KCAL",881744
2022-08-28,118,ALLOPURINOL,7.92 ,12330.00 ,15.26,1,1,100MG TABLET,791246
2022-08-29,159,AMOXICILLIN,35.90 ,7429.00 ,11.66,0,1,500 MG CAPSULE,759303
2022-09-01,129,ARIPIPRAZOLE,39.26 ,1058.00 ,47.22,0,0,15MG TABLET,756789
2022-09-03,132,ASCORBIC ACID,39.27 ,17210.00 ,40.41,0,1,"100MG/5ML, 60ML SYRUP",721058
2022-09-04,113,AZITHROMYCIN,39.41 ,4505.00 ,16.46,1,0,500 MG VIAL,320451
2022-09-04,82,ACETAZOLAMIDE,7.93 ,4155.00 ,48.93,0,1,250MG TABLET,678023
2022-09-18,158,ACETYLCYSTEINE,9.04 ,16311.00 ,43.95,0,1,600MG TABLET,489074
2022-09-18,97,ACICLOVIR,28.34 ,5625.00 ,28.17,1,1,400 MG TABLET,187688
2022-09-21,124,AMIKACIN,11.61 ,15950.00 ,6.86,1,0,100MG/2ML VIAL,777576
2022-10-02,271,ALL-IN-ONE ADMIXTURES,44.96 ,15037.00 ,7.31,1,0,"1,400 KCAL",881744
2022-10-06,190,ALLOPURINOL,13.29 ,3962.00 ,27.34,0,0,100MG TABLET,791246
2022-10-06,55,AMOXICILLIN,7.57 ,7294.00 ,30.95,0,0,500 MG CAPSULE,759303
2022-10-07,99,ARIPIPRAZOLE,28.39 ,17823.00 ,5.06,0,0,15MG TABLET,756789
2022-10-08,167,ASCORBIC ACID,25.30 ,11824.00 ,6.88,0,1,"100MG/5ML, 60ML SYRUP",721058
2022-10-09,226,AZITHROMYCIN,27.25 ,6576.00 ,32.85,0,1,500 MG VIAL,320451
2022-10-09,60,ACETAZOLAMIDE,47.47 ,13077.00 ,45.40,1,0,250MG TABLET,678023
2022-10-10,209,ACETYLCYSTEINE,30.82 ,5908.00 ,47.64,1,0,600MG TABLET,489074
2022-10-14,14,ACICLOVIR,31.04 ,8722.00 ,15.12,0,1,400 MG TABLET,187688
2022-10-15,65,AMIKACIN,10.32 ,15564.00 ,9.95,1,1,100MG/2ML VIAL,777576
2022-10-20,250,ALL-IN-ONE ADMIXTURES,16.73 ,15497.00 ,41.21,1,0,"1,400 KCAL",881744
2022-10-21,182,ALLOPURINOL,25.86 ,9448.00 ,43.94,0,1,100MG TABLET,791246
2022-10-22,183,AMOXICILLIN,10.72 ,18553.00 ,29.49,0,0,500 MG CAPSULE,759303
2022-10-23,36,ARIPIPRAZOLE,29.97 ,5141.00 ,14.20,0,0,15MG TABLET,756789
2022-10-25,210,ASCORBIC ACID,47.59 ,14079.00 ,22.00,0,0,"100MG/5ML, 60ML SYRUP",721058
2022-10-27,229,AZITHROMYCIN,49.40 ,13548.00 ,43.81,1,1,500 MG VIAL,320451
2022-10-27,12,ACETAZOLAMIDE,25.21 ,8005.00 ,16.73,0,0,250MG TABLET,678023
2022-10-29,268,ACETYLCYSTEINE,24.38 ,9579.00 ,24.13,0,0,600MG TABLET,489074
2022-10-30,174,ACICLOVIR,48.32 ,7309.00 ,35.07,1,0,400 MG TABLET,187688
2022-10-30,119,AMIKACIN,23.43 ,11187.00 ,37.07,0,1,100MG/2ML VIAL,777576
2022-10-30,146,ALL-IN-ONE ADMIXTURES,28.53 ,1178.00 ,30.45,1,0,"1,400 KCAL",881744
2022-11-02,216,ALLOPURINOL,7.61 ,12479.00 ,48.64,0,0,100MG TABLET,791246
2022-11-06,137,AMOXICILLIN,10.34 ,12253.00 ,35.10,1,0,500 MG CAPSULE,759303
2022-11-06,195,ARIPIPRAZOLE,20.03 ,16789.00 ,40.74,1,1,15MG TABLET,756789
2022-11-08,147,ASCORBIC ACID,13.98 ,11449.00 ,21.33,0,0,"100MG/5ML, 60ML SYRUP",721058
2022-11-11,244,AZITHROMYCIN,36.91 ,7225.00 ,16.80,1,0,500 MG VIAL,320451
2022-11-18,98,ACETAZOLAMIDE,19.86 ,5591.00 ,9.01,0,1,250MG TABLET,678023
2022-11-19,67,ACETYLCYSTEINE,30.58 ,16587.00 ,45.83,0,1,600MG TABLET,489074
2022-11-19,27,ACICLOVIR,46.73 ,5821.00 ,11.32,0,0,400 MG TABLET,187688
2022-11-20,238,AMIKACIN,6.51 ,18583.00 ,21.55,1,0,100MG/2ML VIAL,777576
2022-11-21,241,ALL-IN-ONE ADMIXTURES,8.32 ,8982.00 ,40.51,0,0,"1,400 KCAL",881744
2022-11-21,12,ALLOPURINOL,40.86 ,15191.00 ,37.56,1,1,100MG TABLET,791246
2022-11-22,73,AMOXICILLIN,10.91 ,7671.00 ,32.69,0,0,500 MG CAPSULE,759303
2022-11-22,195,ARIPIPRAZOLE,32.00 ,13143.00 ,29.58,1,1,15MG TABLET,756789
2022-11-23,192,ASCORBIC ACID,30.23 ,7696.00 ,43.66,1,0,"100MG/5ML, 60ML SYRUP",721058
2022-11-23,222,AZITHROMYCIN,39.83 ,7609.00 ,9.13,0,1,500 MG VIAL,320451
2022-11-25,22,ACETAZOLAMIDE,12.01 ,12055.00 ,38.17,0,0,250MG TABLET,678023
2022-11-27,30,ACETYLCYSTEINE,23.79 ,1551.00 ,26.82,0,0,600MG TABLET,489074
2022-11-27,197,ACICLOVIR,15.99 ,14696.00 ,10.52,1,1,400 MG TABLET,187688
2022-12-05,247,AMIKACIN,28.91 ,10661.00 ,5.15,1,0,100MG/2ML VIAL,777576
2022-12-08,260,ALL-IN-ONE ADMIXTURES,29.64 ,16237.00 ,40.93,1,0,"1,400 KCAL",881744
2022-12-10,119,ALLOPURINOL,28.24 ,3030.00 ,48.26,1,1,100MG TABLET,791246
2022-12-10,124,AMOXICILLIN,28.84 ,3492.00 ,38.84,1,1,500 MG CAPSULE,759303
2022-12-10,130,ARIPIPRAZOLE,16.90 ,9723.00 ,40.21,0,1,15MG TABLET,756789
2022-12-11,218,ASCORBIC ACID,41.71 ,5636.00 ,7.36,1,0,"100MG/5ML, 60ML SYRUP",721058
2022-12-11,18,AZITHROMYCIN,27.04 ,5079.00 ,39.81,0,0,500 MG VIAL,320451
2022-12-16,131,ACETAZOLAMIDE,25.49 ,9449.00 ,23.78,1,0,250MG TABLET,678023
2022-12-17,142,ACETYLCYSTEINE,7.32 ,2633.00 ,30.26,0,1,600MG TABLET,489074
2022-12-18,224,ACICLOVIR,38.77 ,14210.00 ,45.80,0,0,400 MG TABLET,187688
2022-12-22,171,AMIKACIN,47.68 ,19197.00 ,38.06,1,1,100MG/2ML VIAL,777576
2022-12-22,60,ALL-IN-ONE ADMIXTURES,5.78 ,13942.00 ,16.20,0,0,"1,400 KCAL",881744
2022-12-25,173,ALLOPURINOL,34.77 ,7748.00 ,23.74,1,0,100MG TABLET,791246
2022-12-30,257,AMOXICILLIN,15.87 ,2745.00 ,18.75,1,0,500 MG CAPSULE,759303
2023-01-04,145,ARIPIPRAZOLE,44.38 ,9160.00 ,44.02,1,0,15MG TABLET,756789
2023-01-05,240,ASCORBIC ACID,37.65 ,12511.00 ,39.28,0,0,"100MG/5ML, 60ML SYRUP",721058
2023-01-07,267,AZITHROMYCIN,42.02 ,17945.00 ,31.27,1,1,500 MG VIAL,320451
2023-01-12,153,ACETAZOLAMIDE,33.82 ,19513.00 ,6.41,0,0,250MG TABLET,678023
2023-01-13,43,ACETYLCYSTEINE,27.06 ,15062.00 ,40.64,1,0,600MG TABLET,489074
2023-01-17,13,ACICLOVIR,25.75 ,11092.00 ,49.89,1,0,400 MG TABLET,187688
2023-01-18,237,AMIKACIN,30.07 ,11526.00 ,9.67,0,0,100MG/2ML VIAL,777576
2023-01-19,80,ALL-IN-ONE ADMIXTURES,17.41 ,18189.00 ,18.95,1,0,"1,400 KCAL",881744
2023-01-20,214,ALLOPURINOL,39.90 ,8436.00 ,37.21,0,1,100MG TABLET,791246
2023-01-20,72,AMOXICILLIN,25.64 ,17413.00 ,8.34,0,0,500 MG CAPSULE,759303
2023-01-21,70,ARIPIPRAZOLE,15.87 ,14205.00 ,10.49,1,0,15MG TABLET,756789
2023-01-22,160,ASCORBIC ACID,31.85 ,10403.00 ,20.92,1,1,"100MG/5ML, 60ML SYRUP",721058
2023-01-22,108,AZITHROMYCIN,17.05 ,1248.00 ,49.02,1,0,500 MG VIAL,320451
2023-01-22,227,ACETAZOLAMIDE,8.68 ,13273.00 ,26.29,1,0,250MG TABLET,678023
2023-01-24,172,ACETYLCYSTEINE,28.53 ,8660.00 ,34.05,0,0,600MG TABLET,489074
2023-01-28,158,ACICLOVIR,49.78 ,15328.00 ,32.67,1,0,400 MG TABLET,187688
2023-01-29,180,AMIKACIN,16.56 ,11966.00 ,17.09,0,0,100MG/2ML VIAL,777576
2023-01-30,164,ALL-IN-ONE ADMIXTURES,46.14 ,11819.00 ,17.74,1,0,"1,400 KCAL",881744
2023-02-05,135,ALLOPURINOL,22.67 ,9709.00 ,6.69,0,0,100MG TABLET,791246
2023-02-05,93,AMOXICILLIN,20.84 ,17609.00 ,10.79,1,1,500 MG CAPSULE,759303
2023-02-07,294,ARIPIPRAZOLE,5.64 ,4150.00 ,49.70,1,0,15MG TABLET,756789
2023-02-13,155,ASCORBIC ACID,37.30 ,13548.00 ,22.59,1,0,"100MG/5ML, 60ML SYRUP",721058
2023-02-18,260,AZITHROMYCIN,23.33 ,3995.00 ,23.93,0,0,500 MG VIAL,320451
2023-02-18,87,ACETAZOLAMIDE,10.72 ,8062.00 ,6.51,1,0,250MG TABLET,678023
2023-02-20,286,ACETYLCYSTEINE,23.52 ,18856.00 ,24.61,0,1,600MG TABLET,489074
2023-02-20,38,ACICLOVIR,47.80 ,10339.00 ,27.77,0,0,400 MG TABLET,187688
2023-02-22,155,AMIKACIN,43.41 ,17034.00 ,9.89,0,0,100MG/2ML VIAL,777576
2023-02-24,149,ALL-IN-ONE ADMIXTURES,27.59 ,9549.00 ,30.66,0,0,"1,400 KCAL",881744
2023-02-26,230,ALLOPURINOL,5.32 ,3871.00 ,25.22,1,0,100MG TABLET,791246
2023-02-26,216,AMOXICILLIN,38.65 ,4299.00 ,43.47,0,0,500 MG CAPSULE,759303
2023-03-04,248,ARIPIPRAZOLE,25.42 ,18232.00 ,33.08,0,1,15MG TABLET,756789
2023-03-04,183,ASCORBIC ACID,26.54 ,18794.00 ,27.60,0,1,"100MG/5ML, 60ML SYRUP",721058
2023-03-05,62,AZITHROMYCIN,26.58 ,16176.00 ,31.24,1,1,500 MG VIAL,320451
2023-03-06,97,ACETAZOLAMIDE,15.08 ,1879.00 ,15.44,1,1,250MG TABLET,678023
2023-03-08,31,ACETYLCYSTEINE,29.99 ,13105.00 ,22.56,1,1,600MG TABLET,489074
2023-03-11,296,ACICLOVIR,20.08 ,1095.00 ,39.50,0,0,400 MG TABLET,187688
2023-03-12,30,AMIKACIN,6.35 ,7506.00 ,32.75,0,1,100MG/2ML VIAL,777576
2023-03-16,48,ALL-IN-ONE ADMIXTURES,23.71 ,2859.00 ,26.46,0,1,"1,400 KCAL",881744
2023-03-19,278,ALLOPURINOL,49.39 ,17093.00 ,26.43,0,1,100MG TABLET,791246
2023-03-19,169,AMOXICILLIN,6.48 ,11220.00 ,16.07,1,0,500 MG CAPSULE,759303
2023-03-21,275,ARIPIPRAZOLE,25.96 ,5496.00 ,39.14,1,0,15MG TABLET,756789
2023-03-24,287,ASCORBIC ACID,29.00 ,8204.00 ,41.07,1,0,"100MG/5ML, 60ML SYRUP",721058
2023-03-24,231,AZITHROMYCIN,22.16 ,11660.00 ,20.66,0,0,500 MG VIAL,320451
2023-03-26,109,ACETAZOLAMIDE,41.81 ,9171.00 ,14.91,1,0,250MG TABLET,678023
2023-03-27,176,ACETYLCYSTEINE,32.99 ,8004.00 ,33.18,0,0,600MG TABLET,489074
2023-03-30,217,ACICLOVIR,38.67 ,2434.00 ,46.02,1,1,400 MG TABLET,187688
2023-04-08,265,AMIKACIN,19.40 ,3912.00 ,33.08,1,0,100MG/2ML VIAL,777576
2023-04-08,83,ALL-IN-ONE ADMIXTURES,14.48 ,10546.00 ,29.62,0,0,"1,400 KCAL",881744
2023-04-08,129,ALLOPURINOL,22.41 ,13506.00 ,44.88,0,0,100MG TABLET,791246
2023-04-09,137,AMOXICILLIN,17.05 ,11369.00 ,43.70,0,1,500 MG CAPSULE,759303
2023-04-12,83,ARIPIPRAZOLE,18.08 ,15264.00 ,38.38,0,0,15MG TABLET,756789
2023-04-16,283,ASCORBIC ACID,49.52 ,14765.00 ,14.93,1,0,"100MG/5ML, 60ML SYRUP",721058
2023-04-18,218,AZITHROMYCIN,44.78 ,17953.00 ,40.24,0,1,500 MG VIAL,320451
2023-04-25,239,ACETAZOLAMIDE,13.47 ,3620.00 ,24.87,0,1,250MG TABLET,678023
2023-04-27,274,ACETYLCYSTEINE,34.29 ,1147.00 ,8.93,1,0,600MG TABLET,489074
2023-05-01,50,ACICLOVIR,12.85 ,5060.00 ,21.40,0,0,400 MG TABLET,187688
2023-05-05,223,AMIKACIN,34.01 ,14910.00 ,20.67,1,1,100MG/2ML VIAL,777576
2023-05-07,194,ALL-IN-ONE ADMIXTURES,18.35 ,12126.00 ,38.71,1,0,"1,400 KCAL",881744
2023-05-12,76,ALLOPURINOL,24.86 ,5176.00 ,38.47,1,1,100MG TABLET,791246
2023-05-13,288,AMOXICILLIN,22.91 ,13870.00 ,22.36,1,0,500 MG CAPSULE,759303
2023-05-14,51,ARIPIPRAZOLE,29.56 ,5953.00 ,20.12,1,0,15MG TABLET,756789
2023-05-16,114,ASCORBIC ACID,47.91 ,18720.00 ,24.29,0,1,"100MG/5ML, 60ML SYRUP",721058
2023-05-16,274,AZITHROMYCIN,41.50 ,18153.00 ,28.80,1,1,500 MG VIAL,320451
2023-05-19,157,ACETAZOLAMIDE,44.45 ,6986.00 ,14.75,0,0,250MG TABLET,678023
2023-05-21,174,ACETYLCYSTEINE,30.71 ,11402.00 ,6.96,1,0,600MG TABLET,489074
2023-05-25,257,ACICLOVIR,39.31 ,16560.00 ,45.39,0,1,400 MG TABLET,187688
2023-05-28,240,AMIKACIN,16.06 ,14140.00 ,12.36,0,0,100MG/2ML VIAL,777576
2023-05-28,23,ALL-IN-ONE ADMIXTURES,43.29 ,16698.00 ,6.32,0,1,"1,400 KCAL",881744
2023-05-28,30,ALLOPURINOL,45.64 ,8360.00 ,24.69,0,0,100MG TABLET,791246
2023-05-29,51,AMOXICILLIN,42.13 ,5737.00 ,8.83,1,1,500 MG CAPSULE,759303
2023-06-07,160,ARIPIPRAZOLE,27.21 ,6592.00 ,18.24,0,0,15MG TABLET,756789
2023-06-11,164,ASCORBIC ACID,41.02 ,3147.00 ,44.70,1,0,"100MG/5ML, 60ML SYRUP",721058
2023-06-11,196,AZITHROMYCIN,35.75 ,5486.00 ,34.62,1,1,500 MG VIAL,320451
2023-06-11,56,ACETAZOLAMIDE,12.86 ,18010.00 ,10.48,1,0,250MG TABLET,678023
2023-06-12,99,ACETYLCYSTEINE,25.77 ,11245.00 ,15.63,1,1,600MG TABLET,489074
2023-06-12,241,ACICLOVIR,40.16 ,17564.00 ,18.89,0,0,400 MG TABLET,187688
2023-06-14,19,AMIKACIN,9.13 ,9430.00 ,10.68,1,0,100MG/2ML VIAL,777576
2023-06-15,142,ALL-IN-ONE ADMIXTURES,25.40 ,18273.00 ,40.68,0,1,"1,400 KCAL",881744
2023-06-16,199,ALLOPURINOL,27.39 ,4239.00 ,33.21,1,1,100MG TABLET,791246
2023-06-18,213,AMOXICILLIN,34.11 ,6755.00 ,38.43,0,1,500 MG CAPSULE,759303
2023-06-22,12,ARIPIPRAZOLE,9.32 ,13891.00 ,19.03,0,1,15MG TABLET,756789
2023-06-25,56,ASCORBIC ACID,37.91 ,7956.00 ,13.40,0,0,"100MG/5ML, 60ML SYRUP",721058
2023-06-25,200,AZITHROMYCIN,20.45 ,3068.00 ,33.20,1,0,500 MG VIAL,320451
2023-06-27,279,ACETAZOLAMIDE,39.10 ,6651.00 ,29.38,0,0,250MG TABLET,678023
2023-06-28,277,ACETYLCYSTEINE,49.81 ,7087.00 ,26.44,0,1,600MG TABLET,489074
2023-07-01,35,ACICLOVIR,26.39 ,14715.00 ,29.02,0,0,400 MG TABLET,187688
2023-07-02,25,AMIKACIN,27.91 ,16637.00 ,10.11,0,0,100MG/2ML VIAL,777576
2023-07-05,166,ALL-IN-ONE ADMIXTURES,43.02 ,16002.00 ,34.78,0,0,"1,400 KCAL",881744
2023-07-12,233,ALLOPURINOL,27.90 ,9734.00 ,22.38,0,1,100MG TABLET,791246
2023-07-12,36,AMOXICILLIN,10.10 ,15749.00 ,5.46,1,0,500 MG CAPSULE,759303
2023-07-14,168,ARIPIPRAZOLE,25.78 ,16108.00 ,34.75,0,1,15MG TABLET,756789
2023-07-18,57,ASCORBIC ACID,16.45 ,14093.00 ,10.36,1,0,"100MG/5ML, 60ML SYRUP",721058
2023-07-22,143,AZITHROMYCIN,35.37 ,16315.00 ,5.22,0,1,500 MG VIAL,320451
2023-07-23,205,ACETAZOLAMIDE,24.96 ,19300.00 ,29.19,1,0,250MG TABLET,678023
2023-07-30,171,ACETYLCYSTEINE,36.85 ,15424.00 ,16.90,0,1,600MG TABLET,489074
2023-08-01,210,ACICLOVIR,20.22 ,5114.00 ,30.10,1,0,400 MG TABLET,187688
2023-08-01,159,AMIKACIN,17.83 ,8167.00 ,27.66,1,0,100MG/2ML VIAL,777576
2023-08-03,211,ALL-IN-ONE ADMIXTURES,7.36 ,13775.00 ,17.01,0,0,"1,400 KCAL",881744
2023-08-05,85,ALLOPURINOL,41.66 ,17259.00 ,6.04,0,1,100MG TABLET,791246
2023-08-06,281,AMOXICILLIN,14.80 ,11086.00 ,14.82,1,1,500 MG CAPSULE,759303
2023-08-08,138,ARIPIPRAZOLE,20.19 ,15964.00 ,29.73,1,0,15MG TABLET,756789
2023-08-09,73,ASCORBIC ACID,21.96 ,3295.00 ,45.05,0,1,"100MG/5ML, 60ML SYRUP",721058
2023-08-09,54,AZITHROMYCIN,38.34 ,19352.00 ,40.54,0,0,500 MG VIAL,320451
2023-08-10,248,ACETAZOLAMIDE,24.89 ,5908.00 ,12.91,0,1,250MG TABLET,678023
2023-08-12,192,ACETYLCYSTEINE,48.56 ,11198.00 ,26.74,1,0,600MG TABLET,489074
2023-08-13,182,ACICLOVIR,18.78 ,7846.00 ,46.57,0,0,400 MG TABLET,187688
2023-08-14,53,AMIKACIN,41.33 ,14409.00 ,5.28,1,0,100MG/2ML VIAL,777576
2023-08-14,67,ALL-IN-ONE ADMIXTURES,32.67 ,3966.00 ,31.27,1,1,"1,400 KCAL",881744
2023-08-17,151,ALLOPURINOL,28.57 ,19287.00 ,40.85,1,0,100MG TABLET,791246
2023-08-18,111,AMOXICILLIN,15.42 ,11937.00 ,15.96,1,1,500 MG CAPSULE,759303
2023-08-18,222,ARIPIPRAZOLE,34.98 ,3137.00 ,22.78,0,0,15MG TABLET,756789
2023-08-23,107,ASCORBIC ACID,44.89 ,13656.00 ,6.35,0,1,"100MG/5ML, 60ML SYRUP",721058
2023-08-25,203,AZITHROMYCIN,29.81 ,4558.00 ,42.93,1,0,500 MG VIAL,320451
2023-08-25,90,ACETAZOLAMIDE,22.97 ,10188.00 ,10.00,1,0,250MG TABLET,678023
2023-08-31,244,ACETYLCYSTEINE,46.62 ,8144.00 ,29.44,1,0,600MG TABLET,489074
2023-08-31,53,ACICLOVIR,41.79 ,15491.00 ,44.73,1,0,400 MG TABLET,187688
2023-09-03,21,AMIKACIN,24.89 ,16221.00 ,46.02,0,0,100MG/2ML VIAL,777576
2023-09-04,295,ALL-IN-ONE ADMIXTURES,9.17 ,15703.00 ,40.76,0,0,"1,400 KCAL",881744
2023-09-04,246,ALLOPURINOL,41.15 ,4059.00 ,20.61,1,0,100MG TABLET,791246
2023-09-08,217,AMOXICILLIN,28.83 ,15580.00 ,14.61,0,1,500 MG CAPSULE,759303
2023-09-10,293,ARIPIPRAZOLE,14.76 ,15525.00 ,47.45,1,1,15MG TABLET,756789
2023-09-13,165,ASCORBIC ACID,40.76 ,10531.00 ,22.88,0,0,"100MG/5ML, 60ML SYRUP",721058
2023-09-17,154,AZITHROMYCIN,42.59 ,17334.00 ,10.66,1,0,500 MG VIAL,320451
2023-09-17,180,ACETAZOLAMIDE,11.86 ,5899.00 ,46.50,1,0,250MG TABLET,678023
2023-09-19,161,ACETYLCYSTEINE,5.86 ,2127.00 ,6.23,0,0,600MG TABLET,489074
2023-09-21,232,ACICLOVIR,39.70 ,5037.00 ,46.54,0,0,400 MG TABLET,187688
2023-09-26,268,AMIKACIN,44.59 ,4757.00 ,42.40,0,1,100MG/2ML VIAL,777576
2023-09-29,245,ALL-IN-ONE ADMIXTURES,46.19 ,1247.00 ,41.79,1,0,"1,400 KCAL",881744
2023-10-01,239,ALLOPURINOL,38.98 ,9338.00 ,13.19,0,1,100MG TABLET,791246
2023-10-01,80,AMOXICILLIN,15.64 ,15409.00 ,11.48,1,1,500 MG CAPSULE,759303
2023-10-01,10,ARIPIPRAZOLE,10.42 ,8656.00 ,24.67,0,0,15MG TABLET,756789
2023-10-03,140,ASCORBIC ACID,38.87 ,14994.00 ,10.75,1,1,"100MG/5ML, 60ML SYRUP",721058
2023-10-05,12,AZITHROMYCIN,38.44 ,5918.00 ,16.11,1,1,500 MG VIAL,320451
2023-10-08,161,ACETAZOLAMIDE,8.22 ,16217.00 ,6.87,0,1,250MG TABLET,678023
2023-10-12,195,ACETYLCYSTEINE,38.25 ,18492.00 ,6.47,0,1,600MG TABLET,489074
2023-10-15,239,ACICLOVIR,41.07 ,15184.00 ,20.02,0,1,400 MG TABLET,187688
2023-10-15,236,AMIKACIN,45.81 ,12090.00 ,15.79,1,0,100MG/2ML VIAL,777576
2023-10-26,81,ALL-IN-ONE ADMIXTURES,35.10 ,13951.00 ,14.24,1,1,"1,400 KCAL",881744
2023-10-26,98,ALLOPURINOL,30.86 ,6361.00 ,18.15,1,1,100MG TABLET,791246
2023-10-27,69,AMOXICILLIN,30.58 ,2043.00 ,20.31,1,0,500 MG CAPSULE,759303
2023-10-31,175,ARIPIPRAZOLE,7.00 ,5803.00 ,29.31,0,0,15MG TABLET,756789
2023-11-06,212,ASCORBIC ACID,18.85 ,12000.00 ,11.55,0,1,"100MG/5ML, 60ML SYRUP",721058
2023-11-07,234,AZITHROMYCIN,44.02 ,14897.00 ,19.42,0,0,500 MG VIAL,320451
2023-11-09,213,ACETAZOLAMIDE,6.09 ,12683.00 ,25.39,1,1,250MG TABLET,678023
2023-11-12,141,ACETYLCYSTEINE,33.54 ,5776.00 ,27.37,0,0,600MG TABLET,489074
2023-11-12,44,ACICLOVIR,19.17 ,16556.00 ,17.76,0,0,400 MG TABLET,187688
2023-11-14,49,AMIKACIN,25.26 ,17592.00 ,21.18,1,1,100MG/2ML VIAL,777576
2023-11-15,286,ALL-IN-ONE ADMIXTURES,27.06 ,10239.00 ,16.27,1,0,"1,400 KCAL",881744
2023-11-19,56,ALLOPURINOL,20.32 ,19254.00 ,36.66,0,0,100MG TABLET,791246
2023-11-19,103,AMOXICILLIN,40.44 ,5713.00 ,21.31,1,0,500 MG CAPSULE,759303
2023-11-21,52,ARIPIPRAZOLE,45.02 ,17911.00 ,43.33,0,1,15MG TABLET,756789
2023-11-25,65,ASCORBIC ACID,39.34 ,9849.00 ,32.78,0,0,"100MG/5ML, 60ML SYRUP",721058
2023-11-27,280,AZITHROMYCIN,44.73 ,13201.00 ,46.22,1,1,500 MG VIAL,320451
2023-11-28,274,ACETAZOLAMIDE,38.49 ,9529.00 ,21.46,1,1,250MG TABLET,678023
2023-11-29,77,ACETYLCYSTEINE,30.10 ,17025.00 ,40.02,0,1,600MG TABLET,489074
2023-12-02,143,ACICLOVIR,44.49 ,15453.00 ,37.07,0,1,400 MG TABLET,187688
2023-12-04,229,AMIKACIN,46.92 ,12841.00 ,47.31,0,1,100MG/2ML VIAL,777576
2023-12-10,260,ALL-IN-ONE ADMIXTURES,5.46 ,3947.00 ,11.60,0,1,"1,400 KCAL",881744
2023-12-17,272,ALLOPURINOL,35.37 ,18471.00 ,38.56,1,1,100MG TABLET,791246
2023-12-17,71,AMOXICILLIN,14.67 ,10800.00 ,35.47,1,1,500 MG CAPSULE,759303
2023-12-17,158,ARIPIPRAZOLE,18.04 ,8364.00 ,13.85,1,0,15MG TABLET,756789
2023-12-21,31,ASCORBIC ACID,48.03 ,16379.00 ,5.78,0,0,"100MG/5ML, 60ML SYRUP",721058
2023-12-24,69,AZITHROMYCIN,19.39 ,9436.00 ,5.72,1,1,500 MG VIAL,320451
2023-12-27,40,ACETAZOLAMIDE,48.22 ,15865.00 ,49.91,0,1,250MG TABLET,678023
2023-12-29,282,ACETYLCYSTEINE,44.06 ,10450.00 ,9.11,0,0,600MG TABLET,489074
2023-12-31,71,ACICLOVIR,7.25 ,14707.00 ,29.74,0,0,400 MG TABLET,187688
2023-12-31,65,AMIKACIN,26.06 ,10360.00 ,33.97,0,1,100MG/2ML VIAL,777576
2023-12-31,106,ALL-IN-ONE ADMIXTURES,49.09 ,6815.00 ,48.37,1,1,"1,400 KCAL",881744
2023-12-31,130,ALLOPURINOL,14.07 ,3675.00 ,7.21,1,0,100MG TABLET,791246
2023-12-31,85,AMOXICILLIN,7.31 ,5150.00 ,44.31,0,1,500 MG CAPSULE,759303
2024-01-03,179,ARIPIPRAZOLE,34.21 ,14153.00 ,29.05,1,0,15MG TABLET,756789
2024-01-05,250,ASCORBIC ACID,19.38 ,7866.00 ,5.70,0,1,"100MG/5ML, 60ML SYRUP",721058
2024-01-14,264,AZITHROMYCIN,43.04 ,7802.00 ,11.09,0,1,500 MG VIAL,320451
2024-01-16,159,ACETAZOLAMIDE,13.06 ,18578.00 ,27.77,1,1,250MG TABLET,678023
2024-01-19,192,ACETYLCYSTEINE,37.57 ,10137.00 ,5.64,1,1,600MG TABLET,489074
2024-01-20,275,ACICLOVIR,48.83 ,14380.00 ,16.58,1,1,400 MG TABLET,187688
2024-01-21,93,AMIKACIN,44.56 ,12239.00 ,20.91,0,0,100MG/2ML VIAL,777576
2024-01-25,134,ALL-IN-ONE ADMIXTURES,7.67 ,17173.00 ,25.15,1,0,"1,400 KCAL",881744
2024-01-27,268,ALLOPURINOL,34.73 ,3777.00 ,45.28,0,1,100MG TABLET,791246
2024-01-27,136,AMOXICILLIN,38.02 ,15802.00 ,20.76,0,1,500 MG CAPSULE,759303
2024-01-31,136,ARIPIPRAZOLE,15.71 ,15931.00 ,29.99,0,0,15MG TABLET,756789
2024-02-02,119,ASCORBIC ACID,22.87 ,9463.00 ,42.31,0,0,"100MG/5ML, 60ML SYRUP",721058
2024-02-03,128,AZITHROMYCIN,48.19 ,11009.00 ,14.08,1,1,500 MG VIAL,320451
2024-02-05,280,ACETAZOLAMIDE,9.55 ,19580.00 ,44.17,0,1,250MG TABLET,678023
2024-02-07,41,ACETYLCYSTEINE,23.08 ,5260.00 ,19.54,1,1,600MG TABLET,489074
2024-02-13,284,ACICLOVIR,39.13 ,1304.00 ,25.72,1,0,400 MG TABLET,187688
2024-02-20,179,AMIKACIN,23.63 ,17496.00 ,15.14,1,0,100MG/2ML VIAL,777576
2024-02-23,144,ALL-IN-ONE ADMIXTURES,15.43 ,10719.00 ,48.87,1,0,"1,400 KCAL",881744
2024-02-23,48,ALLOPURINOL,24.28 ,11627.00 ,20.14,0,1,100MG TABLET,791246
2024-02-24,136,AMOXICILLIN,26.18 ,5645.00 ,38.94,1,1,500 MG CAPSULE,759303
2024-02-29,119,ARIPIPRAZOLE,7.81 ,13552.00 ,28.57,1,0,15MG TABLET,756789
2024-03-01,281,ASCORBIC ACID,5.07 ,18414.00 ,18.11,0,0,"100MG/5ML, 60ML SYRUP",721058
2024-03-03,69,AZITHROMYCIN,21.13 ,6725.00 ,16.25,0,1,500 MG VIAL,320451
2024-03-04,267,ACETAZOLAMIDE,43.81 ,16761.00 ,9.31,0,1,250MG TABLET,678023
2024-03-09,236,ACETYLCYSTEINE,16.00 ,12429.00 ,8.79,0,0,600MG TABLET,489074
2024-03-10,94,ACICLOVIR,18.68 ,17099.00 ,35.62,0,0,400 MG TABLET,187688
2024-03-10,177,AMIKACIN,14.27 ,10341.00 ,15.86,0,1,100MG/2ML VIAL,777576
2024-03-10,192,ALL-IN-ONE ADMIXTURES,25.24 ,6849.00 ,44.64,1,0,"1,400 KCAL",881744
2024-03-11,189,ALLOPURINOL,26.30 ,5929.00 ,49.08,1,0,100MG TABLET,791246
2024-03-15,124,AMOXICILLIN,24.50 ,9148.00 ,29.31,1,1,500 MG CAPSULE,759303
2024-03-15,35,ARIPIPRAZOLE,37.95 ,19109.00 ,42.69,1,1,15MG TABLET,756789
2024-03-20,190,ASCORBIC ACID,7.96 ,3540.00 ,49.59,0,0,"100MG/5ML, 60ML SYRUP",721058
2024-03-23,243,AZITHROMYCIN,19.61 ,3439.00 ,49.78,0,0,500 MG VIAL,320451
2024-03-24,110,ACETAZOLAMIDE,12.66 ,4296.00 ,6.20,0,1,250MG TABLET,678023
2024-03-24,200,ACETYLCYSTEINE,37.65 ,10397.00 ,20.50,1,0,600MG TABLET,489074
2024-03-24,218,ACICLOVIR,48.44 ,7996.00 ,41.54,1,1,400 MG TABLET,187688
2024-03-31,249,AMIKACIN,16.87 ,10229.00 ,21.17,0,1,100MG/2ML VIAL,777576
2024-03-31,124,ALL-IN-ONE ADMIXTURES,5.69 ,7768.00 ,6.82,0,0,"1,400 KCAL",881744
2024-03-31,34,ALLOPURINOL,10.66 ,15891.00 ,32.75,1,1,100MG TABLET,791246
2024-04-01,57,AMOXICILLIN,31.31 ,14420.00 ,49.72,0,1,500 MG CAPSULE,759303
2024-04-01,19,ARIPIPRAZOLE,28.56 ,13306.00 ,24.66,1,1,15MG TABLET,756789
2024-04-01,170,ASCORBIC ACID,34.24 ,7262.00 ,16.87,0,1,"100MG/5ML, 60ML SYRUP",721058
2024-04-06,197,AZITHROMYCIN,15.99 ,11742.00 ,31.37,0,0,500 MG VIAL,320451
2024-04-07,39,ACETAZOLAMIDE,22.05 ,19214.00 ,9.62,0,0,250MG TABLET,678023
2024-04-07,191,ACETYLCYSTEINE,14.08 ,13563.00 ,23.11,0,0,600MG TABLET,489074
2024-04-10,153,ACICLOVIR,42.29 ,1028.00 ,46.93,1,0,400 MG TABLET,187688
2024-04-14,83,AMIKACIN,38.53 ,16048.00 ,26.67,1,0,100MG/2ML VIAL,777576
2024-04-14,237,ALL-IN-ONE ADMIXTURES,34.78 ,8500.00 ,13.36,0,1,"1,400 KCAL",881744
2024-04-14,120,ALLOPURINOL,32.95 ,14105.00 ,26.00,0,1,100MG TABLET,791246
2024-04-15,180,AMOXICILLIN,36.58 ,7132.00 ,43.84,1,0,500 MG CAPSULE,759303
2024-04-16,264,ARIPIPRAZOLE,18.92 ,18530.00 ,12.14,0,0,15MG TABLET,756789
2024-04-18,294,ASCORBIC ACID,12.10 ,14664.00 ,19.78,0,0,"100MG/5ML, 60ML SYRUP",721058
2024-04-21,99,AZITHROMYCIN,45.43 ,5478.00 ,46.81,0,1,500 MG VIAL,320451
2024-04-21,84,ACETAZOLAMIDE,23.23 ,5186.00 ,47.15,1,1,250MG TABLET,678023
2024-04-22,291,ACETYLCYSTEINE,28.57 ,17698.00 ,31.43,0,1,600MG TABLET,489074
2024-04-22,117,ACICLOVIR,33.07 ,8786.00 ,28.29,1,1,400 MG TABLET,187688
2024-04-23,77,AMIKACIN,43.54 ,5143.00 ,18.81,0,0,100MG/2ML VIAL,777576
2024-04-23,233,ALL-IN-ONE ADMIXTURES,6.68 ,13600.00 ,18.38,0,1,"1,400 KCAL",881744
2024-04-25,119,ALLOPURINOL,42.28 ,15130.00 ,35.42,1,1,100MG TABLET,791246
2024-04-26,176,AMOXICILLIN,20.13 ,14789.00 ,49.38,0,1,500 MG CAPSULE,759303
2024-04-28,266,ARIPIPRAZOLE,29.46 ,14507.00 ,35.05,0,1,15MG TABLET,756789
2024-04-29,131,ASCORBIC ACID,21.42 ,19255.00 ,9.43,1,0,"100MG/5ML, 60ML SYRUP",721058
2024-05-01,154,AZITHROMYCIN,5.14 ,17109.00 ,24.40,1,0,500 MG VIAL,320451
2024-05-02,103,ACETAZOLAMIDE,26.21 ,18542.00 ,38.78,1,0,250MG TABLET,678023
2024-05-05,21,ACETYLCYSTEINE,47.30 ,5556.00 ,8.70,1,1,600MG TABLET,489074
2024-05-05,200,ACICLOVIR,23.56 ,18435.00 ,43.11,0,0,400 MG TABLET,187688
2024-05-05,179,AMIKACIN,26.75 ,17627.00 ,49.35,1,1,100MG/2ML VIAL,777576
2024-05-12,218,ALL-IN-ONE ADMIXTURES,41.29 ,4077.00 ,42.36,1,1,"1,400 KCAL",881744
2024-05-14,129,ALLOPURINOL,20.72 ,3195.00 ,45.79,1,0,100MG TABLET,791246
2024-05-17,200,AMOXICILLIN,26.39 ,14135.00 ,46.06,1,0,500 MG CAPSULE,759303
2024-05-19,103,ARIPIPRAZOLE,27.24 ,7758.00 ,6.30,1,1,15MG TABLET,756789
2024-05-19,299,ASCORBIC ACID,21.73 ,3475.00 ,6.67,1,0,"100MG/5ML, 60ML SYRUP",721058
2024-05-19,241,AZITHROMYCIN,28.59 ,5458.00 ,8.92,1,0,500 MG VIAL,320451
2024-05-19,255,ACETAZOLAMIDE,5.08 ,16258.00 ,14.97,0,0,250MG TABLET,678023
2024-05-19,40,ACETYLCYSTEINE,15.20 ,2615.00 ,11.68,0,0,600MG TABLET,489074
2024-05-25,56,ACICLOVIR,12.75 ,17184.00 ,11.27,1,1,400 MG TABLET,187688
2024-05-31,205,AMIKACIN,15.15 ,3026.00 ,8.88,1,0,100MG/2ML VIAL,777576
2024-06-03,207,ALL-IN-ONE ADMIXTURES,17.27 ,8687.00 ,15.33,1,0,"1,400 KCAL",881744
2024-06-05,286,ALLOPURINOL,33.83 ,17636.00 ,24.35,1,1,100MG TABLET,791246
2024-06-08,159,AMOXICILLIN,8.84 ,5145.00 ,49.05,0,0,500 MG CAPSULE,759303
2024-06-09,72,ARIPIPRAZOLE,29.67 ,7175.00 ,44.33,1,0,15MG TABLET,756789
2024-06-09,271,ASCORBIC ACID,47.14 ,10124.00 ,19.17,0,0,"100MG/5ML, 60ML SYRUP",721058
2024-06-10,249,AZITHROMYCIN,24.90 ,4229.00 ,21.99,0,1,500 MG VIAL,320451
2024-06-15,93,ACETAZOLAMIDE,14.00 ,3990.00 ,32.96,0,1,250MG TABLET,678023
2024-06-16,219,ACETYLCYSTEINE,49.45 ,4188.00 ,7.97,1,1,600MG TABLET,489074
2024-06-16,121,ACICLOVIR,26.22 ,1079.00 ,43.22,0,0,400 MG TABLET,187688
2024-06-18,240,AMIKACIN,16.26 ,7967.00 ,47.07,1,1,100MG/2ML VIAL,777576
2024-06-30,298,ALL-IN-ONE ADMIXTURES,25.56 ,5706.00 ,39.32,1,0,"1,400 KCAL",881744
2024-06-30,256,ALLOPURINOL,20.73 ,17439.00 ,35.68,1,0,100MG TABLET,791246
2024-07-06,247,AMOXICILLIN,31.25 ,4804.00 ,6.98,0,1,500 MG CAPSULE,759303
2024-07-07,145,ARIPIPRAZOLE,7.99 ,10805.00 ,43.83,0,0,15MG TABLET,756789
2024-07-08,219,ASCORBIC ACID,36.96 ,14907.00 ,35.64,1,0,"100MG/5ML, 60ML SYRUP",721058
2024-07-09,269,AZITHROMYCIN,41.29 ,7887.00 ,36.99,0,0,500 MG VIAL,320451
2024-07-15,48,ACETAZOLAMIDE,38.70 ,8052.00 ,43.89,1,1,250MG TABLET,678023
2024-07-16,101,ACETYLCYSTEINE,47.35 ,18968.00 ,9.65,0,0,600MG TABLET,489074
2024-07-19,87,ACICLOVIR,38.73 ,10525.00 ,16.95,1,0,400 MG TABLET,187688
2024-07-20,46,AMIKACIN,16.15 ,9449.00 ,42.44,1,1,100MG/2ML VIAL,777576
2024-07-21,126,ALL-IN-ONE ADMIXTURES,49.12 ,18654.00 ,17.08,0,0,"1,400 KCAL",881744
2024-07-21,223,ALLOPURINOL,32.37 ,12841.00 ,27.60,0,1,100MG TABLET,791246
2024-07-24,75,AMOXICILLIN,35.83 ,1284.00 ,13.19,1,0,500 MG CAPSULE,759303
2024-07-29,70,ARIPIPRAZOLE,39.06 ,13956.00 ,19.93,1,1,15MG TABLET,756789
2024-07-29,80,ASCORBIC ACID,5.18 ,9881.00 ,5.82,0,0,"100MG/5ML, 60ML SYRUP",721058
2024-08-04,188,AZITHROMYCIN,6.65 ,2443.00 ,22.53,0,0,500 MG VIAL,320451
2024-08-04,267,ACETAZOLAMIDE,18.22 ,7962.00 ,7.31,1,0,250MG TABLET,678023
2024-08-04,28,ACETYLCYSTEINE,12.95 ,4790.00 ,24.93,0,1,600MG TABLET,489074
2024-08-06,58,ACICLOVIR,15.61 ,15952.00 ,23.33,1,0,400 MG TABLET,187688
2024-08-11,184,AMIKACIN,9.63 ,12373.00 ,34.20,1,0,100MG/2ML VIAL,777576
2024-08-12,169,ALL-IN-ONE ADMIXTURES,47.93 ,12114.00 ,47.69,1,0,"1,400 KCAL",881744
2024-08-12,76,ALLOPURINOL,43.37 ,17238.00 ,40.70,1,0,100MG TABLET,791246
2024-08-14,124,AMOXICILLIN,18.98 ,6323.00 ,42.09,0,0,500 MG CAPSULE,759303
2024-08-20,160,ARIPIPRAZOLE,29.55 ,13741.00 ,45.59,1,1,15MG TABLET,756789
2024-08-22,212,ASCORBIC ACID,43.10 ,5665.00 ,48.85,0,0,"100MG/5ML, 60ML SYRUP",721058
2024-08-23,166,AZITHROMYCIN,49.26 ,2750.00 ,6.04,0,0,500 MG VIAL,320451
2024-08-28,280,ACETAZOLAMIDE,49.36 ,3476.00 ,18.25,0,0,250MG TABLET,678023
2024-09-02,146,ACETYLCYSTEINE,32.01 ,14103.00 ,15.25,0,0,600MG TABLET,489074
2024-09-03,119,ACICLOVIR,40.19 ,15896.00 ,28.60,1,0,400 MG TABLET,187688
2024-09-03,73,AMIKACIN,10.56 ,12948.00 ,5.59,0,0,100MG/2ML VIAL,777576
2024-09-05,272,ALL-IN-ONE ADMIXTURES,43.15 ,3744.00 ,17.81,0,0,"1,400 KCAL",881744
2024-09-10,35,ALLOPURINOL,41.24 ,2903.00 ,38.35,0,1,100MG TABLET,791246
2024-09-11,156,AMOXICILLIN,9.63 ,2865.00 ,48.74,0,1,500 MG CAPSULE,759303
2024-09-12,42,ARIPIPRAZOLE,44.53 ,4544.00 ,49.94,1,1,15MG TABLET,756789
2024-09-15,183,ASCORBIC ACID,31.17 ,13700.00 ,6.27,1,1,"100MG/5ML, 60ML SYRUP",721058
2024-09-15,22,AZITHROMYCIN,38.13 ,19289.00 ,49.91,1,1,500 MG VIAL,320451
2024-09-16,12,ACETAZOLAMIDE,47.82 ,18029.00 ,24.07,0,0,250MG TABLET,678023
2024-09-19,26,ACETYLCYSTEINE,34.38 ,6664.00 ,46.99,1,1,600MG TABLET,489074
2024-09-22,240,ACICLOVIR,48.27 ,10391.00 ,42.94,1,0,400 MG TABLET,187688
2024-09-23,147,AMIKACIN,38.63 ,2400.00 ,16.41,1,0,100MG/2ML VIAL,777576
2024-09-25,57,ALL-IN-ONE ADMIXTURES,38.38 ,8909.00 ,48.16,0,0,"1,400 KCAL",881744
2024-10-05,237,ALLOPURINOL,41.79 ,6244.00 ,28.12,1,0,100MG TABLET,791246
2024-10-07,116,AMOXICILLIN,21.90 ,18776.00 ,35.89,1,0,500 MG CAPSULE,759303
2024-10-08,170,ARIPIPRAZOLE,15.31 ,7480.00 ,10.32,0,1,15MG TABLET,756789
2024-10-12,79,ASCORBIC ACID,5.47 ,11266.00 ,8.86,1,1,"100MG/5ML, 60ML SYRUP",721058
2024-10-18,135,AZITHROMYCIN,15.56 ,14823.00 ,30.00,1,1,500 MG VIAL,320451
2024-10-19,93,ACETAZOLAMIDE,6.51 ,5310.00 ,23.82,1,0,250MG TABLET,678023
2024-10-21,208,ACETYLCYSTEINE,16.97 ,19600.00 ,9.75,0,1,600MG TABLET,489074
2024-10-22,190,ACICLOVIR,6.01 ,1751.00 ,35.14,0,0,400 MG TABLET,187688
2024-10-24,109,AMIKACIN,7.31 ,4316.00 ,49.78,0,1,100MG/2ML VIAL,777576
2024-10-25,85,ALL-IN-ONE ADMIXTURES,19.43 ,19912.00 ,28.86,0,0,"1,400 KCAL",881744
2024-10-26,188,ALLOPURINOL,23.11 ,15356.00 ,37.45,1,1,100MG TABLET,791246
2024-10-27,35,AMOXICILLIN,11.52 ,17398.00 ,28.99,0,1,500 MG CAPSULE,759303
2024-10-28,173,ARIPIPRAZOLE,42.89 ,5629.00 ,13.61,1,0,15MG TABLET,756789
2024-11-05,216,ASCORBIC ACID,9.68 ,13603.00 ,9.33,0,0,"100MG/5ML, 60ML SYRUP",721058
2024-11-05,228,AZITHROMYCIN,17.00 ,11134.00 ,49.85,0,1,500 MG VIAL,320451
2024-11-19,137,ACETAZOLAMIDE,24.57 ,4894.00 ,27.16,0,1,250MG TABLET,678023
2024-11-19,75,ACETYLCYSTEINE,28.84 ,5518.00 ,37.16,0,0,600MG TABLET,489074
2024-11-22,259,ACICLOVIR,35.43 ,4196.00 ,42.69,0,1,400 MG TABLET,187688
2024-11-24,96,AMIKACIN,13.21 ,9161.00 ,9.54,1,0,100MG/2ML VIAL,777576
2024-11-29,12,ALL-IN-ONE ADMIXTURES,5.82 ,13581.00 ,25.99,0,1,"1,400 KCAL",881744
2024-11-30,267,ALLOPURINOL,25.97 ,11573.00 ,21.07,0,1,100MG TABLET,791246
2024-12-02,26,AMOXICILLIN,37.61 ,3938.00 ,44.68,1,0,500 MG CAPSULE,759303
2024-12-02,168,ARIPIPRAZOLE,35.04 ,4843.00 ,5.35,1,1,15MG TABLET,756789
2024-12-02,68,ASCORBIC ACID,36.57 ,13669.00 ,17.03,0,0,"100MG/5ML, 60ML SYRUP",721058
2024-12-04,193,AZITHROMYCIN,30.47 ,4931.00 ,30.05,0,0,500 MG VIAL,320451
2024-12-05,160,ACETAZOLAMIDE,40.67 ,11654.00 ,33.16,0,1,250MG TABLET,678023
2024-12-05,99,ACETYLCYSTEINE,26.56 ,7783.00 ,46.39,1,0,600MG TABLET,489074
2024-12-06,157,ACICLOVIR,23.32 ,14084.00 ,10.20,1,0,400 MG TABLET,187688
2024-12-07,71,AMIKACIN,11.62 ,18133.00 ,47.94,0,0,100MG/2ML VIAL,777576
2024-12-09,129,ALL-IN-ONE ADMIXTURES,18.02 ,18793.00 ,43.02,0,0,"1,400 KCAL",881744
2024-12-11,176,ALLOPURINOL,16.14 ,1565.00 ,35.17,1,0,100MG TABLET,791246
2024-12-12,151,AMOXICILLIN,22.31 ,16872.00 ,17.70,0,0,500 MG CAPSULE,759303
2024-12-12,132,ARIPIPRAZOLE,18.16 ,9962.00 ,6.76,1,0,15MG TABLET,756789
2024-12-23,208,ASCORBIC ACID,47.27 ,11494.00 ,36.58,0,0,"100MG/5ML, 60ML SYRUP",721058
2024-12-26,158,ACICLOVIR,9.30 ,19499.00 ,23.39,1,1,400 MG TABLET,187688
